毕业年份,学校名称,专业分类,院校所在地,工资/月,,,,,,,,,,,,,,,,,,,,,,,,,,,,,,,,,,
2022,上海交通大学,综合,上海,12180,,,,,,,,,,,,,,,,,,,,,,,,,,,,,,,,,,
2022,清华大学,理工,北京,12225,,,,,,,,,,,,,,,,,,,,,,,,,,,,,,,,,,
2022,中国人民大学,综合,北京,11471,,,,,,,,,,,,,,,,,,,,,,,,,,,,,,,,,,
2022,北京大学,综合,北京,11885,,,,,,,,,,,,,,,,,,,,,,,,,,,,,,,,,,
2022,上海外国语大学,语言,上海,11287,,,,,,,,,,,,,,,,,,,,,,,,,,,,,,,,,,
2022,北京外国语大学,语言,北京,11619,,,,,,,,,,,,,,,,,,,,,,,,,,,,,,,,,,
2022,北京交通大学,理工,北京,11328,,,,,,,,,,,,,,,,,,,,,,,,,,,,,,,,,,
2022,北京航空航天大学,理工,北京,11300,,,,,,,,,,,,,,,,,,,,,,,,,,,,,,,,,,
2022,暨南大学,综合,广东,11190,,,,,,,,,,,,,,,,,,,,,,,,,,,,,,,,,,
2022,华南理工大学,理工,广东,11273,,,,,,,,,,,,,,,,,,,,,,,,,,,,,,,,,,
2022,东南大学,综合,江苏,11211,,,,,,,,,,,,,,,,,,,,,,,,,,,,,,,,,,
2022,中山大学,综合,广东,11327,,,,,,,,,,,,,,,,,,,,,,,,,,,,,,,,,,
2022,复旦大学,综合,上海,11714,,,,,,,,,,,,,,,,,,,,,,,,,,,,,,,,,,
2022,东华大学,理工,上海,11480,,,,,,,,,,,,,,,,,,,,,,,,,,,,,,,,,,
2022,上海对外经贸大学,财经,上海,11174,,,,,,,,,,,,,,,,,,,,,,,,,,,,,,,,,,
2022,厦门大学,综合,福建,10926,,,,,,,,,,,,,,,,,,,,,,,,,,,,,,,,,,
2022,对外经济贸易大学,财经,北京,11357,,,,,,,,,,,,,,,,,,,,,,,,,,,,,,,,,,
2022,同济大学,理工,上海,11660,,,,,,,,,,,,,,,,,,,,,,,,,,,,,,,,,,
2022,北京邮电大学,理工,北京,11802,,,,,,,,,,,,,,,,,,,,,,,,,,,,,,,,,,
2022,浙江大学,综合,浙江,11325,,,,,,,,,,,,,,,,,,,,,,,,,,,,,,,,,,
2022,大连理工大学,理工,辽宁,11027,,,,,,,,,,,,,,,,,,,,,,,,,,,,,,,,,,
2022,上海财经大学,财经,上海,11158,,,,,,,,,,,,,,,,,,,,,,,,,,,,,,,,,,
2022,北京电影学院,艺术,北京,10677,,,,,,,,,,,,,,,,,,,,,,,,,,,,,,,,,,
2022,北京工业大学,理工,北京,10915,,,,,,,,,,,,,,,,,,,,,,,,,,,,,,,,,,
2022,中央财经大学,财经,北京,11271,,,,,,,,,,,,,,,,,,,,,,,,,,,,,,,,,,
2022,西安交通大学,综合,陕西,11037,,,,,,,,,,,,,,,,,,,,,,,,,,,,,,,,,,
2022,华东师范大学,师范,上海,11019,,,,,,,,,,,,,,,,,,,,,,,,,,,,,,,,,,
2022,西南交通大学,综合,四川,10700,,,,,,,,,,,,,,,,,,,,,,,,,,,,,,,,,,
2022,南京大学,综合,江苏,11346,,,,,,,,,,,,,,,,,,,,,,,,,,,,,,,,,,
2022,外交学院,语言,北京,11132,,,,,,,,,,,,,,,,,,,,,,,,,,,,,,,,,,
2022,中央美术学院,艺术,北京,10544,,,,,,,,,,,,,,,,,,,,,,,,,,,,,,,,,,
2022,上海理工大学,理工,上海,10812,,,,,,,,,,,,,,,,,,,,,,,,,,,,,,,,,,
2022,武汉大学,综合,湖北,10491,,,,,,,,,,,,,,,,,,,,,,,,,,,,,,,,,,
2022,华北电力大学,工科,北京,10506,,,,,,,,,,,,,,,,,,,,,,,,,,,,,,,,,,
2022,华东政法大学,政法,上海,10659,,,,,,,,,,,,,,,,,,,,,,,,,,,,,,,,,,
2022,北京信息科技大学,理工,北京,10688,,,,,,,,,,,,,,,,,,,,,,,,,,,,,,,,,,
2022,天津大学,理工,天津,10751,,,,,,,,,,,,,,,,,,,,,,,,,,,,,,,,,,
2022,广东外语外贸大学,语言,广东,11156,,,,,,,,,,,,,,,,,,,,,,,,,,,,,,,,,,
2022,哈尔滨工业大学,理工,黑龙江,10842,,,,,,,,,,,,,,,,,,,,,,,,,,,,,,,,,,
2022,汕头大学,综合,广东,10095,,,,,,,,,,,,,,,,,,,,,,,,,,,,,,,,,,
2022,哈尔滨工程大学,理工,黑龙江,10170,,,,,,,,,,,,,,,,,,,,,,,,,,,,,,,,,,
2022,国际关系学院,政法,北京,10871,,,,,,,,,,,,,,,,,,,,,,,,,,,,,,,,,,
2022,重庆医科大学,医药,重庆,10268,,,,,,,,,,,,,,,,,,,,,,,,,,,,,,,,,,
2022,浙江工商大学,财经,浙江,10055,,,,,,,,,,,,,,,,,,,,,,,,,,,,,,,,,,
2022,南开大学,综合,天津,10410,,,,,,,,,,,,,,,,,,,,,,,,,,,,,,,,,,
2022,北京服装学院,理工,北京,10253,,,,,,,,,,,,,,,,,,,,,,,,,,,,,,,,,,
2022,北京工商大学,财经,北京,9978,,,,,,,,,,,,,,,,,,,,,,,,,,,,,,,,,,
2022,首都经济贸易大学,财经,北京,10407,,,,,,,,,,,,,,,,,,,,,,,,,,,,,,,,,,
2022,广州美术学院,艺术,广东,9732,,,,,,,,,,,,,,,,,,,,,,,,,,,,,,,,,,
2022,电子科技大学,理工,四川,10499,,,,,,,,,,,,,,,,,,,,,,,,,,,,,,,,,,
2022,中南大学,综合,湖南,10480,,,,,,,,,,,,,,,,,,,,,,,,,,,,,,,,,,
2022,上海大学,综合,上海,10454,,,,,,,,,,,,,,,,,,,,,,,,,,,,,,,,,,
2022,北方工业大学,理工,北京,9773,,,,,,,,,,,,,,,,,,,,,,,,,,,,,,,,,,
2022,北京第二外国语学院,语言,北京,10467,,,,,,,,,,,,,,,,,,,,,,,,,,,,,,,,,,
2022,中央戏剧学院,艺术,北京,10281,,,,,,,,,,,,,,,,,,,,,,,,,,,,,,,,,,
2022,中国地质大学,工科,北京,10345,,,,,,,,,,,,,,,,,,,,,,,,,,,,,,,,,,
2022,中国农业大学,农林,北京,9710,,,,,,,,,,,,,,,,,,,,,,,,,,,,,,,,,,
2022,南京航空航天大学,理工,江苏,9822,,,,,,,,,,,,,,,,,,,,,,,,,,,,,,,,,,
2022,北京师范大学,师范,北京,9509,,,,,,,,,,,,,,,,,,,,,,,,,,,,,,,,,,
2022,北京科技大学,理工,北京,9869,,,,,,,,,,,,,,,,,,,,,,,,,,,,,,,,,,
2022,中国美术学院,艺术,杭州,9663,,,,,,,,,,,,,,,,,,,,,,,,,,,,,,,,,,
2022,南京邮电大学,理工,江苏,9489,,,,,,,,,,,,,,,,,,,,,,,,,,,,,,,,,,
2022,广东财经大学,财经,广东,9398,,,,,,,,,,,,,,,,,,,,,,,,,,,,,,,,,,
2022,西安电子科技大学,理工,陕西,10158,,,,,,,,,,,,,,,,,,,,,,,,,,,,,,,,,,
2022,北京理工大学,理工,北京,9919,,,,,,,,,,,,,,,,,,,,,,,,,,,,,,,,,,
2022,上海电力大学,理工,上海,9072,,,,,,,,,,,,,,,,,,,,,,,,,,,,,,,,,,
2022,浙江财经大学,财经,浙江,9811,,,,,,,,,,,,,,,,,,,,,,,,,,,,,,,,,,
2022,上海师范大学,师范,上海,9824,,,,,,,,,,,,,,,,,,,,,,,,,,,,,,,,,,
2022,北京建筑大学,理工,北京,8930,,,,,,,,,,,,,,,,,,,,,,,,,,,,,,,,,,
2022,华东理工大学,理工,上海,9030,,,,,,,,,,,,,,,,,,,,,,,,,,,,,,,,,,
2022,江西财经大学,财经,江西,8762,,,,,,,,,,,,,,,,,,,,,,,,,,,,,,,,,,
2022,北京林业大学,农林,北京,8579,,,,,,,,,,,,,,,,,,,,,,,,,,,,,,,,,,
2022,中国青年政治学院,政法,北京,9636,,,,,,,,,,,,,,,,,,,,,,,,,,,,,,,,,,
2022,上海戏剧学院,艺术,上海,9720,,,,,,,,,,,,,,,,,,,,,,,,,,,,,,,,,,
2022,西北工业大学,理工,陕西,8778,,,,,,,,,,,,,,,,,,,,,,,,,,,,,,,,,,
2022,上海中医药大学,医药,上海,9548,,,,,,,,,,,,,,,,,,,,,,,,,,,,,,,,,,
2022,深圳大学,综合,广东,9598,,,,,,,,,,,,,,,,,,,,,,,,,,,,,,,,,,
2022,上海海事大学,理工,上海,9205,,,,,,,,,,,,,,,,,,,,,,,,,,,,,,,,,,
2022,北京化工大学,理工,北京,9049,,,,,,,,,,,,,,,,,,,,,,,,,,,,,,,,,,
2022,湖南大学,综合,湖南,9444,,,,,,,,,,,,,,,,,,,,,,,,,,,,,,,,,,
2022,江南大学,综合,江苏,9014,,,,,,,,,,,,,,,,,,,,,,,,,,,,,,,,,,
2022,中国民航大学,理工,天津,9495,,,,,,,,,,,,,,,,,,,,,,,,,,,,,,,,,,
2022,青岛大学,综合,山东,8831,,,,,,,,,,,,,,,,,,,,,,,,,,,,,,,,,,
2022,苏州大学,综合,江苏,8695,,,,,,,,,,,,,,,,,,,,,,,,,,,,,,,,,,
2022,广西大学,综合,广西,8364,,,,,,,,,,,,,,,,,,,,,,,,,,,,,,,,,,
2022,上海海洋大学,农林,上海,8884,,,,,,,,,,,,,,,,,,,,,,,,,,,,,,,,,,
2022,南京理工大学,理工,江苏,8984,,,,,,,,,,,,,,,,,,,,,,,,,,,,,,,,,,
2022,西南财经大学,财经,四川,8214,,,,,,,,,,,,,,,,,,,,,,,,,,,,,,,,,,
2022,天津商业大学,财经,天津,7875,,,,,,,,,,,,,,,,,,,,,,,,,,,,,,,,,,
2022,南京艺术学院,艺术,南京,8372,,,,,,,,,,,,,,,,,,,,,,,,,,,,,,,,,,
2022,河北建筑工程学院,理工,河北,8496,,,,,,,,,,,,,,,,,,,,,,,,,,,,,,,,,,
2022,上海第二工业大学,理工,上海,7919,,,,,,,,,,,,,,,,,,,,,,,,,,,,,,,,,,
2022,江苏大学,综合,江苏,8082,,,,,,,,,,,,,,,,,,,,,,,,,,,,,,,,,,
2022,杭州电子科技大学,理工,浙江,7983,,,,,,,,,,,,,,,,,,,,,,,,,,,,,,,,,,
2022,中央民族大学,民族,北京,7645,,,,,,,,,,,,,,,,,,,,,,,,,,,,,,,,,,
2022,西南政法大学,政法,重庆,7898,,,,,,,,,,,,,,,,,,,,,,,,,,,,,,,,,,
2022,山东师范大学,师范,山东,7504,,,,,,,,,,,,,,,,,,,,,,,,,,,,,,,,,,
2022,重庆交通大学,综合,重庆,8375,,,,,,,,,,,,,,,,,,,,,,,,,,,,,,,,,,
2022,华中科技大学,理工,湖北,7603,,,,,,,,,,,,,,,,,,,,,,,,,,,,,,,,,,
2022,长沙理工大学,理工,湖南,7312,,,,,,,,,,,,,,,,,,,,,,,,,,,,,,,,,,
2021,清华大学,理工,北京,10992,,,,,,,,,,,,,,,,,,,,,,,,,,,,,,,,,,
2021,上海交通大学,综合,上海,10602,,,,,,,,,,,,,,,,,,,,,,,,,,,,,,,,,,
2021,北京大学,综合,北京,10690,,,,,,,,,,,,,,,,,,,,,,,,,,,,,,,,,,
2021,对外经济贸易大学,财经,北京,11032,,,,,,,,,,,,,,,,,,,,,,,,,,,,,,,,,,
2021,中央财经大学,财经,北京,10162,,,,,,,,,,,,,,,,,,,,,,,,,,,,,,,,,,
2021,北京航空航天大学,理工,北京,10179,,,,,,,,,,,,,,,,,,,,,,,,,,,,,,,,,,
2021,同济大学,理工,上海,10473,,,,,,,,,,,,,,,,,,,,,,,,,,,,,,,,,,
2021,中山大学,综合,广东,10048,,,,,,,,,,,,,,,,,,,,,,,,,,,,,,,,,,
2021,复旦大学,综合,上海,10508,,,,,,,,,,,,,,,,,,,,,,,,,,,,,,,,,,
2021,北京外国语大学,语言,北京,10355,,,,,,,,,,,,,,,,,,,,,,,,,,,,,,,,,,
2021,浙江大学,综合,浙江,10220,,,,,,,,,,,,,,,,,,,,,,,,,,,,,,,,,,
2021,国际关系学院,政法,北京,10045,,,,,,,,,,,,,,,,,,,,,,,,,,,,,,,,,,
2021,上海对外经贸大学,财经,上海,10066,,,,,,,,,,,,,,,,,,,,,,,,,,,,,,,,,,
2021,东华大学,理工,上海,10321,,,,,,,,,,,,,,,,,,,,,,,,,,,,,,,,,,
2021,中国人民大学,综合,北京,10219,,,,,,,,,,,,,,,,,,,,,,,,,,,,,,,,,,
2021,华东师范大学,师范,上海,9715,,,,,,,,,,,,,,,,,,,,,,,,,,,,,,,,,,
2021,外交学院,语言,北京,10182,,,,,,,,,,,,,,,,,,,,,,,,,,,,,,,,,,
2021,上海财经大学,财经,上海,10027,,,,,,,,,,,,,,,,,,,,,,,,,,,,,,,,,,
2021,北京邮电大学,理工,北京,10598,,,,,,,,,,,,,,,,,,,,,,,,,,,,,,,,,,
2021,上海外国语大学,语言,上海,9821,,,,,,,,,,,,,,,,,,,,,,,,,,,,,,,,,,
2021,华东政法大学,政法,上海,9422,,,,,,,,,,,,,,,,,,,,,,,,,,,,,,,,,,
2021,上海理工大学,理工,上海,9586,,,,,,,,,,,,,,,,,,,,,,,,,,,,,,,,,,
2021,西安交通大学,综合,陕西,9970,,,,,,,,,,,,,,,,,,,,,,,,,,,,,,,,,,
2021,中国科学技术大学,理工,安徽,9728,,,,,,,,,,,,,,,,,,,,,,,,,,,,,,,,,,
2021,北京理工大学,理工,北京,9456,,,,,,,,,,,,,,,,,,,,,,,,,,,,,,,,,,
2021,广东外语外贸大学,语言,广东,10241,,,,,,,,,,,,,,,,,,,,,,,,,,,,,,,,,,
2021,北京大学医学部,综合,北京,9606,,,,,,,,,,,,,,,,,,,,,,,,,,,,,,,,,,
2021,华南理工大学,理工,广东,9920,,,,,,,,,,,,,,,,,,,,,,,,,,,,,,,,,,
2021,北京电影学院,艺术,北京,10141,,,,,,,,,,,,,,,,,,,,,,,,,,,,,,,,,,
2021,北京交通大学,理工,北京,10080,,,,,,,,,,,,,,,,,,,,,,,,,,,,,,,,,,
2021,南京大学,综合,江苏,10201,,,,,,,,,,,,,,,,,,,,,,,,,,,,,,,,,,
2021,中央美术学院,艺术,北京,10165,,,,,,,,,,,,,,,,,,,,,,,,,,,,,,,,,,
2021,北京信息科技大学,理工,北京,9465,,,,,,,,,,,,,,,,,,,,,,,,,,,,,,,,,,
2021,东南大学,综合,江苏,10086,,,,,,,,,,,,,,,,,,,,,,,,,,,,,,,,,,
2021,大连理工大学,理工,辽宁,9875,,,,,,,,,,,,,,,,,,,,,,,,,,,,,,,,,,
2021,北京化工大学,理工,北京,9270,,,,,,,,,,,,,,,,,,,,,,,,,,,,,,,,,,
2021,北京工业大学,理工,北京,9627,,,,,,,,,,,,,,,,,,,,,,,,,,,,,,,,,,
2021,电子科技大学,理工,四川,9631,,,,,,,,,,,,,,,,,,,,,,,,,,,,,,,,,,
2021,北京工商大学,财经,北京,8774,,,,,,,,,,,,,,,,,,,,,,,,,,,,,,,,,,
2021,哈尔滨工业大学,理工,黑龙江,9925,,,,,,,,,,,,,,,,,,,,,,,,,,,,,,,,,,
2021,上海大学,综合,上海,9818,,,,,,,,,,,,,,,,,,,,,,,,,,,,,,,,,,
2021,厦门大学,综合,福建,9710,,,,,,,,,,,,,,,,,,,,,,,,,,,,,,,,,,
2021,天津大学,理工,天津,9356,,,,,,,,,,,,,,,,,,,,,,,,,,,,,,,,,,
2021,中央戏剧学院,艺术,北京,9532,,,,,,,,,,,,,,,,,,,,,,,,,,,,,,,,,,
2021,中南大学,综合,湖南,9119,,,,,,,,,,,,,,,,,,,,,,,,,,,,,,,,,,
2021,深圳大学,综合,广东,9264,,,,,,,,,,,,,,,,,,,,,,,,,,,,,,,,,,
2021,上海海事大学,理工,上海,8887,,,,,,,,,,,,,,,,,,,,,,,,,,,,,,,,,,
2021,北京师范大学,师范,北京,9283,,,,,,,,,,,,,,,,,,,,,,,,,,,,,,,,,,
2021,北京科技大学,理工,北京,9185,,,,,,,,,,,,,,,,,,,,,,,,,,,,,,,,,,
2021,西安电子科技大学,理工,陕西,8772,,,,,,,,,,,,,,,,,,,,,,,,,,,,,,,,,,
2021,汕头大学,综合,广东,8754,,,,,,,,,,,,,,,,,,,,,,,,,,,,,,,,,,
2021,华北电力大学,工科,北京,9329,,,,,,,,,,,,,,,,,,,,,,,,,,,,,,,,,,
2021,首都经济贸易大学,财经,北京,8898,,,,,,,,,,,,,,,,,,,,,,,,,,,,,,,,,,
2021,北方工业大学,理工,北京,8621,,,,,,,,,,,,,,,,,,,,,,,,,,,,,,,,,,
2021,南开大学,综合,天津,9012,,,,,,,,,,,,,,,,,,,,,,,,,,,,,,,,,,
2021,浙江财经大学,财经,浙江,8628,,,,,,,,,,,,,,,,,,,,,,,,,,,,,,,,,,
2021,哈尔滨工程大学,理工,黑龙江,8862,,,,,,,,,,,,,,,,,,,,,,,,,,,,,,,,,,
2021,大连海事大学,理工,辽宁,9116,,,,,,,,,,,,,,,,,,,,,,,,,,,,,,,,,,
2021,中国美术学院,艺术,杭州,8521,,,,,,,,,,,,,,,,,,,,,,,,,,,,,,,,,,
2021,上海电力学院,理工,上海,9424,,,,,,,,,,,,,,,,,,,,,,,,,,,,,,,,,,
2021,北京第二外国语学院,语言,北京,9089,,,,,,,,,,,,,,,,,,,,,,,,,,,,,,,,,,
2021,暨南大学,综合,广东,9431,,,,,,,,,,,,,,,,,,,,,,,,,,,,,,,,,,
2021,重庆医科大学,医药,重庆,8880,,,,,,,,,,,,,,,,,,,,,,,,,,,,,,,,,,
2021,上海师范大学,师范,上海,8668,,,,,,,,,,,,,,,,,,,,,,,,,,,,,,,,,,
2021,北京服装学院,理工,北京,8856,,,,,,,,,,,,,,,,,,,,,,,,,,,,,,,,,,
2021,上海第二工业大学,理工,上海,9450,,,,,,,,,,,,,,,,,,,,,,,,,,,,,,,,,,
2021,广州美术学院,艺术,广东,8561,,,,,,,,,,,,,,,,,,,,,,,,,,,,,,,,,,
2021,浙江工商大学,财经,浙江,8730,,,,,,,,,,,,,,,,,,,,,,,,,,,,,,,,,,
2021,中国青年政治学院,政法,北京,8465,,,,,,,,,,,,,,,,,,,,,,,,,,,,,,,,,,
2021,上海戏剧学院,艺术,上海,8527,,,,,,,,,,,,,,,,,,,,,,,,,,,,,,,,,,
2021,上海工程技术大学,理工,上海,9410,,,,,,,,,,,,,,,,,,,,,,,,,,,,,,,,,,
2021,西北工业大学,理工,陕西,7732,,,,,,,,,,,,,,,,,,,,,,,,,,,,,,,,,,
2021,中国农业大学,农林,北京,8517,,,,,,,,,,,,,,,,,,,,,,,,,,,,,,,,,,
2021,中国民航大学,理工,天津,8197,,,,,,,,,,,,,,,,,,,,,,,,,,,,,,,,,,
2021,青岛大学,综合,山东,7797,,,,,,,,,,,,,,,,,,,,,,,,,,,,,,,,,,
2021,上海中医药大学,医药,上海,8291,,,,,,,,,,,,,,,,,,,,,,,,,,,,,,,,,,
2021,广西大学,综合,广西,7977,,,,,,,,,,,,,,,,,,,,,,,,,,,,,,,,,,
2021,南京航空航天大学,理工,江苏,8700,,,,,,,,,,,,,,,,,,,,,,,,,,,,,,,,,,
2021,中国政法大学,政法,北京,7361,,,,,,,,,,,,,,,,,,,,,,,,,,,,,,,,,,
2021,河北建筑工程学院,理工,河北,7539,,,,,,,,,,,,,,,,,,,,,,,,,,,,,,,,,,
2021,上海海洋大学,农林,上海,7875,,,,,,,,,,,,,,,,,,,,,,,,,,,,,,,,,,
2021,中国地质大学,工科,北京,8098,,,,,,,,,,,,,,,,,,,,,,,,,,,,,,,,,,
2021,北京林业大学,农林,北京,7560,,,,,,,,,,,,,,,,,,,,,,,,,,,,,,,,,,
2021,武汉大学,综合,湖北,7517,,,,,,,,,,,,,,,,,,,,,,,,,,,,,,,,,,
2021,南京邮电大学,理工,江苏,8171,,,,,,,,,,,,,,,,,,,,,,,,,,,,,,,,,,
2021,南京艺术学院,艺术,南京,7404,,,,,,,,,,,,,,,,,,,,,,,,,,,,,,,,,,
2021,浙江传媒学院,语言,浙江,7275,,,,,,,,,,,,,,,,,,,,,,,,,,,,,,,,,,
2021,南京理工大学,理工,江苏,7977,,,,,,,,,,,,,,,,,,,,,,,,,,,,,,,,,,
2021,北京物资学院,财经,北京,7992,,,,,,,,,,,,,,,,,,,,,,,,,,,,,,,,,,
2021,西南财经大学,财经,四川,7195,,,,,,,,,,,,,,,,,,,,,,,,,,,,,,,,,,
2021,扬州大学,综合,江苏,7232,,,,,,,,,,,,,,,,,,,,,,,,,,,,,,,,,,
2021,湖南大学,综合,湖南,8096,,,,,,,,,,,,,,,,,,,,,,,,,,,,,,,,,,
2021,重庆交通大学,综合,重庆,7546,,,,,,,,,,,,,,,,,,,,,,,,,,,,,,,,,,
2021,江苏大学,综合,江苏,7037,,,,,,,,,,,,,,,,,,,,,,,,,,,,,,,,,,
2021,北京建筑大学,理工,北京,7909,,,,,,,,,,,,,,,,,,,,,,,,,,,,,,,,,,
2021,广东财经大学,财经,广东,8090,,,,,,,,,,,,,,,,,,,,,,,,,,,,,,,,,,
2021,北京语言大学,语言,北京,7415,,,,,,,,,,,,,,,,,,,,,,,,,,,,,,,,,,
2021,苏州大学,综合,江苏,7546,,,,,,,,,,,,,,,,,,,,,,,,,,,,,,,,,,
2021,江西财经大学,财经,江西,7630,,,,,,,,,,,,,,,,,,,,,,,,,,,,,,,,,,
2021,天津工业大学,理工,天津,7157,,,,,,,,,,,,,,,,,,,,,,,,,,,,,,,,,,
2021,北京电子科技职业学院,理工,北京,7242,,,,,,,,,,,,,,,,,,,,,,,,,,,,,,,,,,
2021,深圳职业技术学院,综合,广东,6926,,,,,,,,,,,,,,,,,,,,,,,,,,,,,,,,,,
2021,上海旅游高等专科学校,综合,上海,7140,,,,,,,,,,,,,,,,,,,,,,,,,,,,,,,,,,
2021,无锡职业技术学院,理工,江苏,6514,,,,,,,,,,,,,,,,,,,,,,,,,,,,,,,,,,
2021,上海出版印刷高等专科学校,综合,上海,6850,,,,,,,,,,,,,,,,,,,,,,,,,,,,,,,,,,
2021,上海工商职业技术学院,财经,上海,6963,,,,,,,,,,,,,,,,,,,,,,,,,,,,,,,,,,
2021,南京工业职业技术学院,理工,江苏,6214,,,,,,,,,,,,,,,,,,,,,,,,,,,,,,,,,,
2021,山东商业职业技术学院,财经,山东,6359,,,,,,,,,,,,,,,,,,,,,,,,,,,,,,,,,,
2021,浙江金融职业学院,财经,浙江,5538,,,,,,,,,,,,,,,,,,,,,,,,,,,,,,,,,,
2021,金华职业技术学院,综合,浙江,6385,,,,,,,,,,,,,,,,,,,,,,,,,,,,,,,,,,
2021,重庆电子工程职业学院,理工,重庆,6440,,,,,,,,,,,,,,,,,,,,,,,,,,,,,,,,,,
2021,北京工业职业技术学院,理工,北京,6821,,,,,,,,,,,,,,,,,,,,,,,,,,,,,,,,,,
2021,重庆工业职业技术学院,理工,重庆,5913,,,,,,,,,,,,,,,,,,,,,,,,,,,,,,,,,,
2021,宁波职业技术学院,综合,浙江,5507,,,,,,,,,,,,,,,,,,,,,,,,,,,,,,,,,,
2021,深圳信息职业技术学院,综合,广东,6951,,,,,,,,,,,,,,,,,,,,,,,,,,,,,,,,,,
2021,天津市职业大学,综合,天津,5884,,,,,,,,,,,,,,,,,,,,,,,,,,,,,,,,,,
2021,浙江机电职业技术学院,理工,浙江,5095,,,,,,,,,,,,,,,,,,,,,,,,,,,,,,,,,,
2021,威海职业学院,综合,山东,6479,,,,,,,,,,,,,,,,,,,,,,,,,,,,,,,,,,
2021,武汉职业技术学院,综合,湖北,6863,,,,,,,,,,,,,,,,,,,,,,,,,,,,,,,,,,
2021,滨州职业学院,综合,山东,6340,,,,,,,,,,,,,,,,,,,,,,,,,,,,,,,,,,
2021,上海民航职业技术学校,理工,上海,6640,,,,,,,,,,,,,,,,,,,,,,,,,,,,,,,,,,
2021,北京财贸职业学院,财经,北京,6506,,,,,,,,,,,,,,,,,,,,,,,,,,,,,,,,,,
2021,江苏建筑职业技术学院,理工,江苏,5590,,,,,,,,,,,,,,,,,,,,,,,,,,,,,,,,,,
2021,邢台职业技术学院,理工,河北,5228,,,,,,,,,,,,,,,,,,,,,,,,,,,,,,,,,,
2021,北京交通职业技术学院,理工,北京,6030,,,,,,,,,,,,,,,,,,,,,,,,,,,,,,,,,,
2021,湖南铁道职业技术学院,理工,湖南,6341,,,,,,,,,,,,,,,,,,,,,,,,,,,,,,,,,,
2021,承德石油高等专科学校,理工,河北,5406,,,,,,,,,,,,,,,,,,,,,,,,,,,,,,,,,,
2021,常州信息职业技术学院,理工,江苏,6364,,,,,,,,,,,,,,,,,,,,,,,,,,,,,,,,,,
2021,四川工程职业技术学院,理工,四川,6047,,,,,,,,,,,,,,,,,,,,,,,,,,,,,,,,,,
2021,河南工业职业技术学院,理工,河南,5728,,,,,,,,,,,,,,,,,,,,,,,,,,,,,,,,,,
2020,清华大学,理工,北京,10818,,,,,,,,,,,,,,,,,,,,,,,,,,,,,,,,,,
2020,北京大学,综合,北京,10698,,,,,,,,,,,,,,,,,,,,,,,,,,,,,,,,,,
2020,上海交通大学,综合,上海,10673,,,,,,,,,,,,,,,,,,,,,,,,,,,,,,,,,,
2020,对外经济贸易大学,财经,北京,11028,,,,,,,,,,,,,,,,,,,,,,,,,,,,,,,,,,
2020,北京外国语大学,语言,北京,10922,,,,,,,,,,,,,,,,,,,,,,,,,,,,,,,,,,
2020,外交学院,语言,北京,10688,,,,,,,,,,,,,,,,,,,,,,,,,,,,,,,,,,
2020,浙江大学,综合,浙江,10461,,,,,,,,,,,,,,,,,,,,,,,,,,,,,,,,,,
2020,中央财经大学,财经,北京,10065,,,,,,,,,,,,,,,,,,,,,,,,,,,,,,,,,,
2020,上海外国语大学,语言,上海,10394,,,,,,,,,,,,,,,,,,,,,,,,,,,,,,,,,,
2020,中国人民大学,综合,北京,10467,,,,,,,,,,,,,,,,,,,,,,,,,,,,,,,,,,
2020,复旦大学,综合,上海,10259,,,,,,,,,,,,,,,,,,,,,,,,,,,,,,,,,,
2020,同济大学,理工,上海,10338,,,,,,,,,,,,,,,,,,,,,,,,,,,,,,,,,,
2020,上海财经大学,财经,上海,10122,,,,,,,,,,,,,,,,,,,,,,,,,,,,,,,,,,
2020,北京航空航天大学,理工,北京,10168,,,,,,,,,,,,,,,,,,,,,,,,,,,,,,,,,,
2020,国际关系学院,政法,北京,9893,,,,,,,,,,,,,,,,,,,,,,,,,,,,,,,,,,
2020,华南理工大学,理工,广东,10034,,,,,,,,,,,,,,,,,,,,,,,,,,,,,,,,,,
2020,中山大学,综合,广东,9923,,,,,,,,,,,,,,,,,,,,,,,,,,,,,,,,,,
2020,东华大学,理工,上海,10231,,,,,,,,,,,,,,,,,,,,,,,,,,,,,,,,,,
2020,中国科学技术大学,理工,安徽,9760,,,,,,,,,,,,,,,,,,,,,,,,,,,,,,,,,,
2020,上海对外经贸大学,财经,上海,10040,,,,,,,,,,,,,,,,,,,,,,,,,,,,,,,,,,
2020,上海理工大学,理工,上海,9549,,,,,,,,,,,,,,,,,,,,,,,,,,,,,,,,,,
2020,华东政法大学,政法,上海,9470,,,,,,,,,,,,,,,,,,,,,,,,,,,,,,,,,,
2020,北京电影学院,艺术,北京,10301,,,,,,,,,,,,,,,,,,,,,,,,,,,,,,,,,,
2020,北京理工大学,理工,北京,9622,,,,,,,,,,,,,,,,,,,,,,,,,,,,,,,,,,
2020,广东外语外贸大学,语言,广东,10271,,,,,,,,,,,,,,,,,,,,,,,,,,,,,,,,,,
2020,华东师范大学,师范,上海,9424,,,,,,,,,,,,,,,,,,,,,,,,,,,,,,,,,,
2020,南京大学,综合,江苏,10255,,,,,,,,,,,,,,,,,,,,,,,,,,,,,,,,,,
2020,北京邮电大学,理工,北京,10551,,,,,,,,,,,,,,,,,,,,,,,,,,,,,,,,,,
2020,西安交通大学,综合,陕西,9930,,,,,,,,,,,,,,,,,,,,,,,,,,,,,,,,,,
2020,中央美术学院,艺术,北京,10143,,,,,,,,,,,,,,,,,,,,,,,,,,,,,,,,,,
2020,北京交通大学  ,理工,北京,10224,,,,,,,,,,,,,,,,,,,,,,,,,,,,,,,,,,
2020,东南大学,综合,江苏,10094,,,,,,,,,,,,,,,,,,,,,,,,,,,,,,,,,,
2020,厦门大学,综合,福建,9886,,,,,,,,,,,,,,,,,,,,,,,,,,,,,,,,,,
2020,北京化工大学,理工,北京,9408,,,,,,,,,,,,,,,,,,,,,,,,,,,,,,,,,,
2020,北京大学医学部,综合,北京,9538,,,,,,,,,,,,,,,,,,,,,,,,,,,,,,,,,,
2020,深圳大学,综合,广东,9424,,,,,,,,,,,,,,,,,,,,,,,,,,,,,,,,,,
2020,北京信息科技大学,理工,北京,9344,,,,,,,,,,,,,,,,,,,,,,,,,,,,,,,,,,
2020,北京工业大学,理工,北京,9482,,,,,,,,,,,,,,,,,,,,,,,,,,,,,,,,,,
2020,上海大学,综合,上海,9889,,,,,,,,,,,,,,,,,,,,,,,,,,,,,,,,,,
2020,哈尔滨工业大学,理工,黑龙江,9772,,,,,,,,,,,,,,,,,,,,,,,,,,,,,,,,,,
2020,天津大学,理工,天津,9496,,,,,,,,,,,,,,,,,,,,,,,,,,,,,,,,,,
2020,北京科技大学,理工,北京,9265,,,,,,,,,,,,,,,,,,,,,,,,,,,,,,,,,,
2020,大连理工大学,理工,辽宁,9723,,,,,,,,,,,,,,,,,,,,,,,,,,,,,,,,,,
2020,中央戏剧学院,艺术,北京,9612,,,,,,,,,,,,,,,,,,,,,,,,,,,,,,,,,,
2020,南开大学,综合,天津,9194,,,,,,,,,,,,,,,,,,,,,,,,,,,,,,,,,,
2020,北京工商大学,财经,北京,8733,,,,,,,,,,,,,,,,,,,,,,,,,,,,,,,,,,
2020,华北电力大学(北京),工科,北京,9373,,,,,,,,,,,,,,,,,,,,,,,,,,,,,,,,,,
2020,哈尔滨工程大学,理工,黑龙江,8969,,,,,,,,,,,,,,,,,,,,,,,,,,,,,,,,,,
2020,西安电子科技大学,理工,陕西,8837,,,,,,,,,,,,,,,,,,,,,,,,,,,,,,,,,,
2020,暨南大学,综合,广东,9547,,,,,,,,,,,,,,,,,,,,,,,,,,,,,,,,,,
2020,电子科技大学,理工,四川,9411,,,,,,,,,,,,,,,,,,,,,,,,,,,,,,,,,,
2020,上海海事大学,理工,上海,8868,,,,,,,,,,,,,,,,,,,,,,,,,,,,,,,,,,
2020,上海第二工业大学,理工,上海,9522,,,,,,,,,,,,,,,,,,,,,,,,,,,,,,,,,,
2020,首都经济贸易大学,财经,北京,8957,,,,,,,,,,,,,,,,,,,,,,,,,,,,,,,,,,
2020,北京师范大学,师范,北京,9269,,,,,,,,,,,,,,,,,,,,,,,,,,,,,,,,,,
2020,大连海事大学,理工,辽宁,9079,,,,,,,,,,,,,,,,,,,,,,,,,,,,,,,,,,
2020,汕头大学,综合,广东,8677,,,,,,,,,,,,,,,,,,,,,,,,,,,,,,,,,,
2020,浙江工商大学,财经,浙江,8928,,,,,,,,,,,,,,,,,,,,,,,,,,,,,,,,,,
2020,中南大学,综合,湖南,9063,,,,,,,,,,,,,,,,,,,,,,,,,,,,,,,,,,
2020,北京第二外国语学院,语言,北京,9073,,,,,,,,,,,,,,,,,,,,,,,,,,,,,,,,,,
2020,重庆医科大学,医药,重庆,8984,,,,,,,,,,,,,,,,,,,,,,,,,,,,,,,,,,
2020,北京服装学院,理工,北京,8879,,,,,,,,,,,,,,,,,,,,,,,,,,,,,,,,,,
2020,北方工业大学,理工,北京,8555,,,,,,,,,,,,,,,,,,,,,,,,,,,,,,,,,,
2020,上海电力学院,理工,上海,9339,,,,,,,,,,,,,,,,,,,,,,,,,,,,,,,,,,
2020,中国地质大学(北京),工科,北京,8259,,,,,,,,,,,,,,,,,,,,,,,,,,,,,,,,,,
2020,上海师范大学  ,师范,上海,8525,,,,,,,,,,,,,,,,,,,,,,,,,,,,,,,,,,
2020,中国青年政治学院,政法,北京,8564,,,,,,,,,,,,,,,,,,,,,,,,,,,,,,,,,,
2020,上海工程技术大学,理工,上海,9572,,,,,,,,,,,,,,,,,,,,,,,,,,,,,,,,,,
2020,南京邮电大学,理工,江苏,8329,,,,,,,,,,,,,,,,,,,,,,,,,,,,,,,,,,
2020,上海中医药大学,医药,上海,8470,,,,,,,,,,,,,,,,,,,,,,,,,,,,,,,,,,
2020,浙江财经大学,财经,浙江,8700,,,,,,,,,,,,,,,,,,,,,,,,,,,,,,,,,,
2020,南京航空航天大学,理工,江苏,8769,,,,,,,,,,,,,,,,,,,,,,,,,,,,,,,,,,
2020,广州美术学院,艺术,广东,8485,,,,,,,,,,,,,,,,,,,,,,,,,,,,,,,,,,
2020,中国农业大学  ,农林,北京,8393,,,,,,,,,,,,,,,,,,,,,,,,,,,,,,,,,,
2020,中国美术学院  ,艺术,杭州,8431,,,,,,,,,,,,,,,,,,,,,,,,,,,,,,,,,,
2020,中国民航大学,理工,天津,8257,,,,,,,,,,,,,,,,,,,,,,,,,,,,,,,,,,
2020,上海戏剧学院,艺术,上海,8444,,,,,,,,,,,,,,,,,,,,,,,,,,,,,,,,,,
2020,南京理工大学,理工,江苏,8069,,,,,,,,,,,,,,,,,,,,,,,,,,,,,,,,,,
2020,河北建筑工程学院,理工,河北,7675,,,,,,,,,,,,,,,,,,,,,,,,,,,,,,,,,,
2020,西北工业大学,理工,陕西,7648,,,,,,,,,,,,,,,,,,,,,,,,,,,,,,,,,,
2020,湖南大学,综合,湖南,8216,,,,,,,,,,,,,,,,,,,,,,,,,,,,,,,,,,
2020,重庆交通大学,综合,重庆,7628,,,,,,,,,,,,,,,,,,,,,,,,,,,,,,,,,,
2020,武汉大学,综合,湖北,7546,,,,,,,,,,,,,,,,,,,,,,,,,,,,,,,,,,
2020,上海应用技术学院,理工,上海,7997,,,,,,,,,,,,,,,,,,,,,,,,,,,,,,,,,,
2020,中国政法大学,政法,北京,7368,,,,,,,,,,,,,,,,,,,,,,,,,,,,,,,,,,
2020,北京建筑大学,理工,北京,7970,,,,,,,,,,,,,,,,,,,,,,,,,,,,,,,,,,
2020,广西大学,综合,广西,7965,,,,,,,,,,,,,,,,,,,,,,,,,,,,,,,,,,
2020,江西财经大学,财经,江西,7705,,,,,,,,,,,,,,,,,,,,,,,,,,,,,,,,,,
2020,青岛大学,综合,山东,7627,,,,,,,,,,,,,,,,,,,,,,,,,,,,,,,,,,
2020,北京语言大学,语言,北京,7451,,,,,,,,,,,,,,,,,,,,,,,,,,,,,,,,,,
2020,上海海洋大学,农林,上海,7738,,,,,,,,,,,,,,,,,,,,,,,,,,,,,,,,,,
2020,南京艺术学院,艺术,南京,7288,,,,,,,,,,,,,,,,,,,,,,,,,,,,,,,,,,
2020,北京林业大学  ,农林,北京,7462,,,,,,,,,,,,,,,,,,,,,,,,,,,,,,,,,,
2020,北京印刷学院,理工,北京,7412,,,,,,,,,,,,,,,,,,,,,,,,,,,,,,,,,,
2020,西南财经大学,财经,四川,7132,,,,,,,,,,,,,,,,,,,,,,,,,,,,,,,,,,
2020,北京物资学院,财经,北京,7899,,,,,,,,,,,,,,,,,,,,,,,,,,,,,,,,,,
2020,山西大学,综合,山西,7297,,,,,,,,,,,,,,,,,,,,,,,,,,,,,,,,,,
2020,扬州大学,综合,江苏,7168,,,,,,,,,,,,,,,,,,,,,,,,,,,,,,,,,,
2020,天津工业大学,理工,天津,7090,,,,,,,,,,,,,,,,,,,,,,,,,,,,,,,,,,
2020,江苏大学,综合,江苏,7002,,,,,,,,,,,,,,,,,,,,,,,,,,,,,,,,,,
2019,清华大学,理工,北京,9065,,,,,,,,,,,,,,,,,,,,,,,,,,,,,,,,,,
2019,北京大学。,综合_,北京,9042,,,,,,,,,,,,,,,,,,,,,,,,,,,,,,,,,,
2019,北京外国语大学,语言,北京,9020,,,,,,,,,,,,,,,,,,,,,,,,,,,,,,,,,,
2019,上海交通大学_,综合,上海,9010,,,,,,,,,,,,,,,,,,,,,,,,,,,,,,,,,,
2019,对外经济贸易大学,财经,北京,8998,,,,,,,,,,,,,,,,,,,,,,,,,,,,,,,,,,
2019,外交学院,语言_,北京,8956,,,,,,,,,,,,,,,,,,,,,,,,,,,,,,,,,,
2019,复旦大学,综合_,上海,8842,,,,,,,,,,,,,,,,,,,,,,,,,,,,,,,,,,
2019,浙江大学,综合,浙江,8810,,,,,,,,,,,,,,,,,,,,,,,,,,,,,,,,,,
2019,同济大学,理工,上海,8784,,,,,,,,,,,,,,,,,,,,,,,,,,,,,,,,,,
2019,中央财经大学_,财经,北京,8771,,,,,,,,,,,,,,,,,,,,,,,,,,,,,,,,,,
2019,上海外国语大学,语言,上海,8746,,,,,,,,,,,,,,,,,,,,,,,,,,,,,,,,,,
2019,中国人民大学,综合,北京,8737,,,,,,,,,,,,,,,,,,,,,,,,,,,,,,,,,,
2019,上海财经大学,财经,上海,8705,,,,,,,,,,,,,,,,,,,,,,,,,,,,,,,,,,
2019,国际关系学院,语言,北京,8669,,,,,,,,,,,,,,,,,,,,,,,,,,,,,,,,,,
2019,华南理工大学,理工,广东,8660,,,,,,,,,,,,,,,,,,,,,,,,,,,,,,,,,,
2019,北京航天航空大学,理工,北京,8629,,,,,,,,,,,,,,,,,,,,,,,,,,,,,,,,,,
2019,中国科学技术大学,理工,安徽,8620,,,,,,,,,,,,,,,,,,,,,,,,,,,,,,,,,,
2019,中山大学,综合,广东,8620,,,,,,,,,,,,,,,,,,,,,,,,,,,,,,,,,,
2019,北京邮电大学,理工,北京,8584,,,,,,,,,,,,,,,,,,,,,,,,,,,,,,,,,,
2019,上海对外经贸大学,财经,上海,8500,,,,,,,,,,,,,,,,,,,,,,,,,,,,,,,,,,
2017,清华大学,理工,北京,9065,,,,,,,,,,,,,,,,,,,,,,,,,,,,,,,,,,
2017,北京大学,综合,北京,9042,,,,,,,,,,,,,,,,,,,,,,,,,,,,,,,,,,
2017,北京外国语大学,语言,北京,9020,,,,,,,,,,,,,,,,,,,,,,,,,,,,,,,,,,
2017,上海交通大学,综合,上海,9010,,,,,,,,,,,,,,,,,,,,,,,,,,,,,,,,,,
2017,对外经济贸易大学,财经,北京,8998,,,,,,,,,,,,,,,,,,,,,,,,,,,,,,,,,,
2017,外交学院,语言,北京,8956,,,,,,,,,,,,,,,,,,,,,,,,,,,,,,,,,,
2017,复旦大学,综合,上海,8842,,,,,,,,,,,,,,,,,,,,,,,,,,,,,,,,,,
2017,浙江大学,综合,浙江,8810,,,,,,,,,,,,,,,,,,,,,,,,,,,,,,,,,,
2017,同济大学,理工,上海,8784,,,,,,,,,,,,,,,,,,,,,,,,,,,,,,,,,,
2017,中央财经大学,财经,北京,8771,,,,,,,,,,,,,,,,,,,,,,,,,,,,,,,,,,
2017,上海外国语大学,语言,上海,8746,,,,,,,,,,,,,,,,,,,,,,,,,,,,,,,,,,
2017,中国人民大学,综合,北京,8737,,,,,,,,,,,,,,,,,,,,,,,,,,,,,,,,,,
2017,上海财经大学,财经,上海,8705,,,,,,,,,,,,,,,,,,,,,,,,,,,,,,,,,,
2017,国际关系学院,政法,北京,8669,,,,,,,,,,,,,,,,,,,,,,,,,,,,,,,,,,
2017,华南理工大学,理工,广东,8660,,,,,,,,,,,,,,,,,,,,,,,,,,,,,,,,,,
2017,北京航空航天大学,理工,北京,8629,,,,,,,,,,,,,,,,,,,,,,,,,,,,,,,,,,
2017,中国科学技术大学,理工,安徽,8620,,,,,,,,,,,,,,,,,,,,,,,,,,,,,,,,,,
2017,中山大学,综合,广东,8620,,,,,,,,,,,,,,,,,,,,,,,,,,,,,,,,,,
2017,北京邮电大学,理工,北京,8534,,,,,,,,,,,,,,,,,,,,,,,,,,,,,,,,,,
2017,上海对外经贸大学,财经,上海,8500,,,,,,,,,,,,,,,,,,,,,,,,,,,,,,,,,,
2017,东华大学,理工,上海,8485,,,,,,,,,,,,,,,,,,,,,,,,,,,,,,,,,,
2017,南京大学,综合,江苏,8462,,,,,,,,,,,,,,,,,,,,,,,,,,,,,,,,,,
2017,华东师范大学,师范,上海,8448,,,,,,,,,,,,,,,,,,,,,,,,,,,,,,,,,,
2017,广东外语外贸大学,语言,广州,8434,,,,,,,,,,,,,,,,,,,,,,,,,,,,,,,,,,
2017,上海理工大学,理工,上海,8423,,,,,,,,,,,,,,,,,,,,,,,,,,,,,,,,,,
2017,北京理工大学,理工,北京,8416,,,,,,,,,,,,,,,,,,,,,,,,,,,,,,,,,,
2017,北京电影学院,艺术,北京,8399,,,,,,,,,,,,,,,,,,,,,,,,,,,,,,,,,,
2017,西安交通大学,综合,陕西,8392,,,,,,,,,,,,,,,,,,,,,,,,,,,,,,,,,,
2017,华东政法大学,政法,上海,8364,,,,,,,,,,,,,,,,,,,,,,,,,,,,,,,,,,
2017,厦门大学,综合,福建,8356,,,,,,,,,,,,,,,,,,,,,,,,,,,,,,,,,,
2017,中央美术学院,艺术,北京,8355,,,,,,,,,,,,,,,,,,,,,,,,,,,,,,,,,,
2017,北京交通大学,理工,北京,8353,,,,,,,,,,,,,,,,,,,,,,,,,,,,,,,,,,
2017,东南大学,综合,江苏,8316,,,,,,,,,,,,,,,,,,,,,,,,,,,,,,,,,,
2017,暨南大学,综合,广东,8283,,,,,,,,,,,,,,,,,,,,,,,,,,,,,,,,,,
2017,北京大学医学部,综合,北京,8253,,,,,,,,,,,,,,,,,,,,,,,,,,,,,,,,,,
2017,上海大学,综合,上海,8235,,,,,,,,,,,,,,,,,,,,,,,,,,,,,,,,,,
2017,北京化工大学,理工,北京,8147,,,,,,,,,,,,,,,,,,,,,,,,,,,,,,,,,,
2017,深圳大学,综合,广东,8131,,,,,,,,,,,,,,,,,,,,,,,,,,,,,,,,,,
2017,北京信息科技大学,理工,北京,8105,,,,,,,,,,,,,,,,,,,,,,,,,,,,,,,,,,
2017,哈尔滨工业大学,理工,黑龙江,8051,,,,,,,,,,,,,,,,,,,,,,,,,,,,,,,,,,
2017,华东理工大学,理工,上海,8038,,,,,,,,,,,,,,,,,,,,,,,,,,,,,,,,,,
2017,北京工业大学,理工,北京,8014,,,,,,,,,,,,,,,,,,,,,,,,,,,,,,,,,,
2017,中国传媒大学,语言,北京,7976,,,,,,,,,,,,,,,,,,,,,,,,,,,,,,,,,,
2017,北京科技大学,理工,北京,7957,,,,,,,,,,,,,,,,,,,,,,,,,,,,,,,,,,
2017,南开大学,综合,天津,7953,,,,,,,,,,,,,,,,,,,,,,,,,,,,,,,,,,
2017,中央戏剧学院,艺术,北京,7944,,,,,,,,,,,,,,,,,,,,,,,,,,,,,,,,,,
2017,大连理工大学,理工,辽宁,7919,,,,,,,,,,,,,,,,,,,,,,,,,,,,,,,,,,
2017,上海工程技术大学,理工,上海,7876,,,,,,,,,,,,,,,,,,,,,,,,,,,,,,,,,,
2017,天津大学,理工,天津,7854,,,,,,,,,,,,,,,,,,,,,,,,,,,,,,,,,,
2017,西安电子科技大学,理工,陕西,7851,,,,,,,,,,,,,,,,,,,,,,,,,,,,,,,,,,
2017,哈尔滨工程大学,理工,黑龙江,7780,,,,,,,,,,,,,,,,,,,,,,,,,,,,,,,,,,
2017,上海电力学院,理工,上海,7763,,,,,,,,,,,,,,,,,,,,,,,,,,,,,,,,,,
2017,上海第二工业大学,理工,上海,7714,,,,,,,,,,,,,,,,,,,,,,,,,,,,,,,,,,
2017,华北电力大学(北京),工科,北京,7694,,,,,,,,,,,,,,,,,,,,,,,,,,,,,,,,,,
2017,上海海事大学,理工,上海,7689,,,,,,,,,,,,,,,,,,,,,,,,,,,,,,,,,,
2017,电子科技大学,理工,四川,7673,,,,,,,,,,,,,,,,,,,,,,,,,,,,,,,,,,
2017,北京工商大学,财经,北京,7636,,,,,,,,,,,,,,,,,,,,,,,,,,,,,,,,,,
2017,首都经济贸易大学,财经,北京,7573,,,,,,,,,,,,,,,,,,,,,,,,,,,,,,,,,,
2017,广州美术学院,艺术,广州,7528,,,,,,,,,,,,,,,,,,,,,,,,,,,,,,,,,,
2017,大连海事大学,理工,辽宁,7494,,,,,,,,,,,,,,,,,,,,,,,,,,,,,,,,,,
2017,北京师范大学,师范,北京,7466,,,,,,,,,,,,,,,,,,,,,,,,,,,,,,,,,,
2017,中南大学,综合,湖南,7418,,,,,,,,,,,,,,,,,,,,,,,,,,,,,,,,,,
2017,汕头大学,综合,广东,7412,,,,,,,,,,,,,,,,,,,,,,,,,,,,,,,,,,
2017,华中科技大学,理工,湖北,7401,,,,,,,,,,,,,,,,,,,,,,,,,,,,,,,,,,
2017,北京第二外国语学院,语言,北京,7365,,,,,,,,,,,,,,,,,,,,,,,,,,,,,,,,,,
2017,中国矿业大学(北京),工科,北京,7356,,,,,,,,,,,,,,,,,,,,,,,,,,,,,,,,,,
2017,中国青年政治学院,政法,北京,7348,,,,,,,,,,,,,,,,,,,,,,,,,,,,,,,,,,
2017,上海师范大学,师范,上海,7331,,,,,,,,,,,,,,,,,,,,,,,,,,,,,,,,,,
2017,上海中医药大学,医药,上海,7254,,,,,,,,,,,,,,,,,,,,,,,,,,,,,,,,,,
2017,南京邮电大学,理工,江苏,7230,,,,,,,,,,,,,,,,,,,,,,,,,,,,,,,,,,
2017,北方工业大学,理工,北京,7229,,,,,,,,,,,,,,,,,,,,,,,,,,,,,,,,,,
2017,中国地质大学(北京),工科,北京,7228,,,,,,,,,,,,,,,,,,,,,,,,,,,,,,,,,,
2017,北京服装学院,理工,北京,7188,,,,,,,,,,,,,,,,,,,,,,,,,,,,,,,,,,
2017,南京航空航天大学,理工,江苏,7164,,,,,,,,,,,,,,,,,,,,,,,,,,,,,,,,,,
2017,浙江财经大学,财经,浙江,7101,,,,,,,,,,,,,,,,,,,,,,,,,,,,,,,,,,
2017,中国美术学院,艺术,杭州,7075,,,,,,,,,,,,,,,,,,,,,,,,,,,,,,,,,,
2017,中国农业大学,农林,北京,7033,,,,,,,,,,,,,,,,,,,,,,,,,,,,,,,,,,
2017,西北工业大学,理工,陕西,6879,,,,,,,,,,,,,,,,,,,,,,,,,,,,,,,,,,
2017,中国民航大学,理工,天津,6755,,,,,,,,,,,,,,,,,,,,,,,,,,,,,,,,,,
2017,上海戏剧学院,艺术,上海,6718,,,,,,,,,,,,,,,,,,,,,,,,,,,,,,,,,,
2017,北京建筑大学,理工,北京,6712,,,,,,,,,,,,,,,,,,,,,,,,,,,,,,,,,,
2017,南京理工大学,理工,江苏,6679,,,,,,,,,,,,,,,,,,,,,,,,,,,,,,,,,,
2017,吉林大学,综合,吉林,6678,,,,,,,,,,,,,,,,,,,,,,,,,,,,,,,,,,
2017,重庆大学,综合,重庆,6606,,,,,,,,,,,,,,,,,,,,,,,,,,,,,,,,,,
2017,河北建筑工程学院,理工,河北,6589,,,,,,,,,,,,,,,,,,,,,,,,,,,,,,,,,,
2017,上海应用技术学院,理工,上海,6569,,,,,,,,,,,,,,,,,,,,,,,,,,,,,,,,,,
2017,湖南大学,综合,湖南,6562,,,,,,,,,,,,,,,,,,,,,,,,,,,,,,,,,,
2017,北京物资学院,财经,北京,6508,,,,,,,,,,,,,,,,,,,,,,,,,,,,,,,,,,
2017,中国石油大学,理工,山东,6508,,,,,,,,,,,,,,,,,,,,,,,,,,,,,,,,,,
2017,武汉大学,综合,湖北,6502,,,,,,,,,,,,,,,,,,,,,,,,,,,,,,,,,,
2017,江西财经大学,财经,江西,6429,,,,,,,,,,,,,,,,,,,,,,,,,,,,,,,,,,
2017,广西大学,综合,广西,6417,,,,,,,,,,,,,,,,,,,,,,,,,,,,,,,,,,
2017,中国政法大学,政法,北京,6408,,,,,,,,,,,,,,,,,,,,,,,,,,,,,,,,,,
2017,青岛大学,综合,山东,6380,,,,,,,,,,,,,,,,,,,,,,,,,,,,,,,,,,
2017,上海海洋大学,农林,上海,6264,,,,,,,,,,,,,,,,,,,,,,,,,,,,,,,,,,
2017,北京语言大学,语言,北京,6262,,,,,,,,,,,,,,,,,,,,,,,,,,,,,,,,,,
2017,北京林业大学,农林,北京,6243,,,,,,,,,,,,,,,,,,,,,,,,,,,,,,,,,,
2017,北京印刷学院,理工,北京,6240,,,,,,,,,,,,,,,,,,,,,,,,,,,,,,,,,,
2017,天津工业大学,理工,天津,6200,,,,,,,,,,,,,,,,,,,,,,,,,,,,,,,,,,
2017,南京艺术学院,艺术,南京,6167,,,,,,,,,,,,,,,,,,,,,,,,,,,,,,,,,,
2017,江苏大学,综合,江苏,6164,,,,,,,,,,,,,,,,,,,,,,,,,,,,,,,,,,
2017,武汉科技大学,理工,湖北,6148,,,,,,,,,,,,,,,,,,,,,,,,,,,,,,,,,,
2017,西南财经大学,财经,四川,6133,,,,,,,,,,,,,,,,,,,,,,,,,,,,,,,,,,
2017,山西大学,综合,山西,6115,,,,,,,,,,,,,,,,,,,,,,,,,,,,,,,,,,
2017,扬州大学,综合,江苏,6090,,,,,,,,,,,,,,,,,,,,,,,,,,,,,,,,,,
2017,杭州电子科技大学,理工,浙江,5916,,,,,,,,,,,,,,,,,,,,,,,,,,,,,,,,,,
2017,浙江理工大学,理工,浙江,5892,,,,,,,,,,,,,,,,,,,,,,,,,,,,,,,,,,
2017,中央民族大学,民族,北京,5881,,,,,,,,,,,,,,,,,,,,,,,,,,,,,,,,,,
2017,合肥工业大学,理工,安徽,5853,,,,,,,,,,,,,,,,,,,,,,,,,,,,,,,,,,
2017,江南大学,综合,江苏,5818,,,,,,,,,,,,,,,,,,,,,,,,,,,,,,,,,,
2017,西南政法大学,政法,重庆,5801,,,,,,,,,,,,,,,,,,,,,,,,,,,,,,,,,,
2017,辽宁大学,综合,辽宁,5793,,,,,,,,,,,,,,,,,,,,,,,,,,,,,,,,,,
2017,南方医科大学,医药,广东,5780,,,,,,,,,,,,,,,,,,,,,,,,,,,,,,,,,,
2017,浙江传媒学院,语言,浙江,5761,,,,,,,,,,,,,,,,,,,,,,,,,,,,,,,,,,
2017,广东财经大学,财经,广东,5760,,,,,,,,,,,,,,,,,,,,,,,,,,,,,,,,,,
2017,中国石油大学(华东),理工,山东,5714,,,,,,,,,,,,,,,,,,,,,,,,,,,,,,,,,,
2017,广州大学,综合,广东,5711,,,,,,,,,,,,,,,,,,,,,,,,,,,,,,,,,,
2017,天津商业大学,财经,天津,5683,,,,,,,,,,,,,,,,,,,,,,,,,,,,,,,,,,
2017,华侨大学,综合,福建,5673,,,,,,,,,,,,,,,,,,,,,,,,,,,,,,,,,,
2017,华中农业大学,农林,湖北,5651,,,,,,,,,,,,,,,,,,,,,,,,,,,,,,,,,,
2017,中国石油大学(北京),理工,北京,5622,,,,,,,,,,,,,,,,,,,,,,,,,,,,,,,,,,
2017,华北电力大学(北京),理工,北京,5622,,,,,,,,,,,,,,,,,,,,,,,,,,,,,,,,,,
2017,山东师范大学,师范,山东,5537,,,,,,,,,,,,,,,,,,,,,,,,,,,,,,,,,,
2017,湘潭大学,综合,湖南,5253,,,,,,,,,,,,,,,,,,,,,,,,,,,,,,,,,,
2017,宁波大学,综合,浙江,5249,,,,,,,,,,,,,,,,,,,,,,,,,,,,,,,,,,
2017,海南大学,综合,海南,5203,,,,,,,,,,,,,,,,,,,,,,,,,,,,,,,,,,
2017,四川师范大学,师范,四川,5197,,,,,,,,,,,,,,,,,,,,,,,,,,,,,,,,,,
2017,杭州师范大学,师范,浙江,5133,,,,,,,,,,,,,,,,,,,,,,,,,,,,,,,,,,
2017,长沙理工大学,理工,湖南,5102,,,,,,,,,,,,,,,,,,,,,,,,,,,,,,,,,,
2017,福建师范大学,师范,福建,5099,,,,,,,,,,,,,,,,,,,,,,,,,,,,,,,,,,
2017,中国药科大学,医药,江苏,5053,,,,,,,,,,,,,,,,,,,,,,,,,,,,,,,,,,
2017,北京体育大学,体育,北京,5034,,,,,,,,,,,,,,,,,,,,,,,,,,,,,,,,,,
2017,四川美术学院,艺术,重庆,5018,,,,,,,,,,,,,,,,,,,,,,,,,,,,,,,,,,
2017,东北财经大学,财经,辽宁,5008,,,,,,,,,,,,,,,,,,,,,,,,,,,,,,,,,,
2017,浙江工业大学,理工,浙江,4970,,,,,,,,,,,,,,,,,,,,,,,,,,,,,,,,,,
2017,西安外国语大学,语言,陕西,4926,,,,,,,,,,,,,,,,,,,,,,,,,,,,,,,,,,
2017,长安大学,理工,陕西,4906,,,,,,,,,,,,,,,,,,,,,,,,,,,,,,,,,,
2017,广东工业大学,理工,广东,4897,,,,,,,,,,,,,,,,,,,,,,,,,,,,,,,,,,
2017,南京农业大学,农林,江苏,4866,,,,,,,,,,,,,,,,,,,,,,,,,,,,,,,,,,
2017,西安理工大学,理工,陕西,4848,,,,,,,,,,,,,,,,,,,,,,,,,,,,,,,,,,
2017,天津医科大学,医药,天津,4825,,,,,,,,,,,,,,,,,,,,,,,,,,,,,,,,,,
2017,天津理工大学,理工,天津,4810,,,,,,,,,,,,,,,,,,,,,,,,,,,,,,,,,,
2017,集美大学,综合,福建,4765,,,,,,,,,,,,,,,,,,,,,,,,,,,,,,,,,,
2017,天津财经大学,财经,天津,4763,,,,,,,,,,,,,,,,,,,,,,,,,,,,,,,,,,
2017,大连工业大学,理工,辽宁,4758,,,,,,,,,,,,,,,,,,,,,,,,,,,,,,,,,,
2017,天津科技大学,理工,天津,4720,,,,,,,,,,,,,,,,,,,,,,,,,,,,,,,,,,
2017,山东理工大学,理工,山东,4709,,,,,,,,,,,,,,,,,,,,,,,,,,,,,,,,,,
2017,南京中医药大学,医药,江苏,4679,,,,,,,,,,,,,,,,,,,,,,,,,,,,,,,,,,
2017,河北医科大学,医药,河北,4642,,,,,,,,,,,,,,,,,,,,,,,,,,,,,,,,,,
2017,广西师范大学,师范,广西,4630,,,,,,,,,,,,,,,,,,,,,,,,,,,,,,,,,,
2017,南京医科大学,医药,江苏,4627,,,,,,,,,,,,,,,,,,,,,,,,,,,,,,,,,,
2017,中国矿业大学(北京),理工,北京,4620,,,,,,,,,,,,,,,,,,,,,,,,,,,,,,,,,,
2017,天津美术学院,艺术,天津,4616,,,,,,,,,,,,,,,,,,,,,,,,,,,,,,,,,,
2017,广州中医药大学,医药,广东,4582,,,,,,,,,,,,,,,,,,,,,,,,,,,,,,,,,,
2017,贵州大学,综合,贵州,4580,,,,,,,,,,,,,,,,,,,,,,,,,,,,,,,,,,
2017,山东科技大学,理工,山东,4579,,,,,,,,,,,,,,,,,,,,,,,,,,,,,,,,,,
2017,江西师范大学,师范,江西,4543,,,,,,,,,,,,,,,,,,,,,,,,,,,,,,,,,,
2017,山东财经大学,财经,山东,4530,,,,,,,,,,,,,,,,,,,,,,,,,,,,,,,,,,
2017,安徽医科大学,医药,安徽,4520,,,,,,,,,,,,,,,,,,,,,,,,,,,,,,,,,,
2017,中国人民公安大学,政法,北京,4511,,,,,,,,,,,,,,,,,,,,,,,,,,,,,,,,,,
2017,重庆邮电大学,理工,重庆,4499,,,,,,,,,,,,,,,,,,,,,,,,,,,,,,,,,,
2017,湖南农业大学,农林,湖南,4438,,,,,,,,,,,,,,,,,,,,,,,,,,,,,,,,,,
2017,黑龙江大学,综合,黑龙江,4394,,,,,,,,,,,,,,,,,,,,,,,,,,,,,,,,,,
2017,南京林业大学,农林,江苏,4216,,,,,,,,,,,,,,,,,,,,,,,,,,,,,,,,,,
2017,内蒙古大学,综合,内蒙古,4190,,,,,,,,,,,,,,,,,,,,,,,,,,,,,,,,,,
2017,温州大学,综合,浙江,4139,,,,,,,,,,,,,,,,,,,,,,,,,,,,,,,,,,
2017,河南科技大学,理工,河南,4128,,,,,,,,,,,,,,,,,,,,,,,,,,,,,,,,,,
2017,常州大学,理工,江苏,4112,,,,,,,,,,,,,,,,,,,,,,,,,,,,,,,,,,
2017,烟台大学,综合,山东,4102,,,,,,,,,,,,,,,,,,,,,,,,,,,,,,,,,,
2017,成都中医药大学,医药,四川,4073,,,,,,,,,,,,,,,,,,,,,,,,,,,,,,,,,,
2017,浙江师范大学,师范,浙江,4021,,,,,,,,,,,,,,,,,,,,,,,,,,,,,,,,,,
2017,太原理工大学,理工,山西,4007,,,,,,,,,,,,,,,,,,,,,,,,,,,,,,,,,,
2017,湖北大学,综合,湖北,3998,,,,,,,,,,,,,,,,,,,,,,,,,,,,,,,,,,
2017,河北师范大学,师范,河北,3992,,,,,,,,,,,,,,,,,,,,,,,,,,,,,,,,,,
2017,燕山大学,理工,河北,3970,,,,,,,,,,,,,,,,,,,,,,,,,,,,,,,,,,
2017,北京联合大学,综合,北京,3957,,,,,,,,,,,,,,,,,,,,,,,,,,,,,,,,,,
2017,长江大学,综合,湖北,3951,,,,,,,,,,,,,,,,,,,,,,,,,,,,,,,,,,
2017,河北工业大学,理工,河北 ,3899,,,,,,,,,,,,,,,,,,,,,,,,,,,,,,,,,,
2017,四川农业大学,农林,四川,3894,,,,,,,,,,,,,,,,,,,,,,,,,,,,,,,,,,
2017,安徽农业大学,农林,安徽,3842,,,,,,,,,,,,,,,,,,,,,,,,,,,,,,,,,,
2017,成都理工大学,理工,四川,3765,,,,,,,,,,,,,,,,,,,,,,,,,,,,,,,,,,
2017,山西财经大学,财经,山西,3758,,,,,,,,,,,,,,,,,,,,,,,,,,,,,,,,,,
2017,湖南中医药大学,医药,湖南,3731,,,,,,,,,,,,,,,,,,,,,,,,,,,,,,,,,,
2017,兰州交通大学,理工,甘肃,3705,,,,,,,,,,,,,,,,,,,,,,,,,,,,,,,,,,
2017,西北师范大学,师范,甘肃,3705,,,,,,,,,,,,,,,,,,,,,,,,,,,,,,,,,,
2017,天津中医药大学,医药,天津,3703,,,,,,,,,,,,,,,,,,,,,,,,,,,,,,,,,,
2017,安徽师范大学,师范,安徽,3701,,,,,,,,,,,,,,,,,,,,,,,,,,,,,,,,,,
2017,南京工业大学,理工,江苏,3657,,,,,,,,,,,,,,,,,,,,,,,,,,,,,,,,,,
2017,重庆工商大学,财经,重庆,3654,,,,,,,,,,,,,,,,,,,,,,,,,,,,,,,,,,
2017,重庆师范大学,师范,重庆,3622,,,,,,,,,,,,,,,,,,,,,,,,,,,,,,,,,,
2017,兰州理工大学,理工,甘肃,3616,,,,,,,,,,,,,,,,,,,,,,,,,,,,,,,,,,
2017,青岛科技大学,理工,山东,3584,,,,,,,,,,,,,,,,,,,,,,,,,,,,,,,,,,
2017,天津师范大学,师范,天津,3574,,,,,,,,,,,,,,,,,,,,,,,,,,,,,,,,,,
2017,华北电力大学(保定),理工,河北,3542,,,,,,,,,,,,,,,,,,,,,,,,,,,,,,,,,,
2017,山东中医药大学,医药,山东,3528,,,,,,,,,,,,,,,,,,,,,,,,,,,,,,,,,,
2017,江苏科技大学,理工,江苏,3513,,,,,,,,,,,,,,,,,,,,,,,,,,,,,,,,,,
2017,武汉工程大学,理工,湖北,3460,,,,,,,,,,,,,,,,,,,,,,,,,,,,,,,,,,
2017,延边大学,综合,吉林 ,3437,,,,,,,,,,,,,,,,,,,,,,,,,,,,,,,,,,
2017,南京信息工程大学,理工,江苏,3426,,,,,,,,,,,,,,,,,,,,,,,,,,,,,,,,,,
2017,西安建筑科技大学,理工,陕西,3394,,,,,,,,,,,,,,,,,,,,,,,,,,,,,,,,,,
2015,清华大学,理工,北京,10969,,,,,,,,,,,,,,,,,,,,,,,,,,,,,,,,,,
2015,北京大学,综合,北京,11212,,,,,,,,,,,,,,,,,,,,,,,,,,,,,,,,,,
2015,北京外国语大学,语言,北京,10464,,,,,,,,,,,,,,,,,,,,,,,,,,,,,,,,,,
2015,上海交通大学,综合,上海,10542,,,,,,,,,,,,,,,,,,,,,,,,,,,,,,,,,,
2015,对外经济贸易大学,财经,北京,10617,,,,,,,,,,,,,,,,,,,,,,,,,,,,,,,,,,
2015,外交学院,语言,北京,11016,,,,,,,,,,,,,,,,,,,,,,,,,,,,,,,,,,
2015,复旦大学,综合,上海,11052,,,,,,,,,,,,,,,,,,,,,,,,,,,,,,,,,,
2015,浙江大学,综合,浙江,10308,,,,,,,,,,,,,,,,,,,,,,,,,,,,,,,,,,
2015,同济大学,理工,上海,10893,,,,,,,,,,,,,,,,,,,,,,,,,,,,,,,,,,
2015,中央财经大学,财经,北京,10086,,,,,,,,,,,,,,,,,,,,,,,,,,,,,,,,,,
2015,上海外国语大学,语言,上海,10758,,,,,,,,,,,,,,,,,,,,,,,,,,,,,,,,,,
2015,中国人民大学,综合,北京,10659,,,,,,,,,,,,,,,,,,,,,,,,,,,,,,,,,,
2015,上海财经大学,财经,上海,10184,,,,,,,,,,,,,,,,,,,,,,,,,,,,,,,,,,
2015,国际关系学院,政法,北京,10836,,,,,,,,,,,,,,,,,,,,,,,,,,,,,,,,,,
2015,华南理工大学,理工,广东,10132,,,,,,,,,,,,,,,,,,,,,,,,,,,,,,,,,,
2015,北京航空航天大学,理工,北京,10096,,,,,,,,,,,,,,,,,,,,,,,,,,,,,,,,,,
2015,中国科学技术大学,理工,安徽,10258,,,,,,,,,,,,,,,,,,,,,,,,,,,,,,,,,,
2015,中山大学,综合,广东,10086,,,,,,,,,,,,,,,,,,,,,,,,,,,,,,,,,,
2015,北京邮电大学,理工,北京,10497,,,,,,,,,,,,,,,,,,,,,,,,,,,,,,,,,,
2015,上海对外经贸大学,财经,上海,10370,,,,,,,,,,,,,,,,,,,,,,,,,,,,,,,,,,
2015,东华大学,理工,上海,9758,,,,,,,,,,,,,,,,,,,,,,,,,,,,,,,,,,
2015,南京大学,综合,江苏,10154,,,,,,,,,,,,,,,,,,,,,,,,,,,,,,,,,,
2015,华东师范大学,师范,上海,9969,,,,,,,,,,,,,,,,,,,,,,,,,,,,,,,,,,
2015,广东外语外贸大学,语言,广州,10542,,,,,,,,,,,,,,,,,,,,,,,,,,,,,,,,,,
2015,上海理工大学,理工,上海,10275,,,,,,,,,,,,,,,,,,,,,,,,,,,,,,,,,,
2015,北京理工大学,理工,北京,10267,,,,,,,,,,,,,,,,,,,,,,,,,,,,,,,,,,
2015,北京电影学院,艺术,北京,10415,,,,,,,,,,,,,,,,,,,,,,,,,,,,,,,,,,
2015,西安交通大学,综合,陕西,9987,,,,,,,,,,,,,,,,,,,,,,,,,,,,,,,,,,
2015,华东政法大学,政法,上海,9702,,,,,,,,,,,,,,,,,,,,,,,,,,,,,,,,,,
2015,厦门大学,综合,福建,9777,,,,,,,,,,,,,,,,,,,,,,,,,,,,,,,,,,
2015,中央美术学院,艺术,北京,10110,,,,,,,,,,,,,,,,,,,,,,,,,,,,,,,,,,
2015,北京交通大学,理工,北京,10274,,,,,,,,,,,,,,,,,,,,,,,,,,,,,,,,,,
2015,东南大学,综合,江苏,10228,,,,,,,,,,,,,,,,,,,,,,,,,,,,,,,,,,
2015,暨南大学,综合,广东,9940,,,,,,,,,,,,,,,,,,,,,,,,,,,,,,,,,,
2015,北京大学医学部,综合,北京,9491,,,,,,,,,,,,,,,,,,,,,,,,,,,,,,,,,,
2015,上海大学,综合,上海,9470,,,,,,,,,,,,,,,,,,,,,,,,,,,,,,,,,,
2015,北京化工大学,理工,北京,9614,,,,,,,,,,,,,,,,,,,,,,,,,,,,,,,,,,
2015,深圳大学,综合,广东,9595,,,,,,,,,,,,,,,,,,,,,,,,,,,,,,,,,,
2015,北京信息科技大学,理工,北京,9644,,,,,,,,,,,,,,,,,,,,,,,,,,,,,,,,,,
2015,哈尔滨工业大学,理工,黑龙江,9258,,,,,,,,,,,,,,,,,,,,,,,,,,,,,,,,,,
2015,华东理工大学,理工,上海,9565,,,,,,,,,,,,,,,,,,,,,,,,,,,,,,,,,,
2015,北京工业大学,理工,北京,9376,,,,,,,,,,,,,,,,,,,,,,,,,,,,,,,,,,
2015,中国传媒大学,语言,北京,9253,,,,,,,,,,,,,,,,,,,,,,,,,,,,,,,,,,
2015,北京科技大学,理工,北京,9390,,,,,,,,,,,,,,,,,,,,,,,,,,,,,,,,,,
2015,南开大学,综合,天津,9862,,,,,,,,,,,,,,,,,,,,,,,,,,,,,,,,,,
2015,中央戏剧学院,艺术,北京,9374,,,,,,,,,,,,,,,,,,,,,,,,,,,,,,,,,,
2015,大连理工大学,理工,辽宁,9424,,,,,,,,,,,,,,,,,,,,,,,,,,,,,,,,,,
2015,上海工程技术大学,理工,上海,9373,,,,,,,,,,,,,,,,,,,,,,,,,,,,,,,,,,
2015,天津大学,理工,天津,9268,,,,,,,,,,,,,,,,,,,,,,,,,,,,,,,,,,
2015,西安电子科技大学,理工,陕西,9342,,,,,,,,,,,,,,,,,,,,,,,,,,,,,,,,,,
2015,哈尔滨工程大学,理工,黑龙江,9414,,,,,,,,,,,,,,,,,,,,,,,,,,,,,,,,,,
2015,上海电力学院,理工,上海,9160,,,,,,,,,,,,,,,,,,,,,,,,,,,,,,,,,,
2015,上海第二工业大学,理工,上海,9256,,,,,,,,,,,,,,,,,,,,,,,,,,,,,,,,,,
2015,华北电力大学(北京),工科,北京,8849,,,,,,,,,,,,,,,,,,,,,,,,,,,,,,,,,,
2015,上海海事大学,理工,上海,9073,,,,,,,,,,,,,,,,,,,,,,,,,,,,,,,,,,
2015,电子科技大学,理工,四川,9208,,,,,,,,,,,,,,,,,,,,,,,,,,,,,,,,,,
2015,北京工商大学,财经,北京,9316,,,,,,,,,,,,,,,,,,,,,,,,,,,,,,,,,,
2015,首都经济贸易大学,财经,北京,8936,,,,,,,,,,,,,,,,,,,,,,,,,,,,,,,,,,
2015,广州美术学院,艺术,广州,9184,,,,,,,,,,,,,,,,,,,,,,,,,,,,,,,,,,
2015,大连海事大学,理工,辽宁,8918,,,,,,,,,,,,,,,,,,,,,,,,,,,,,,,,,,
2015,北京师范大学,师范,北京,8586,,,,,,,,,,,,,,,,,,,,,,,,,,,,,,,,,,
2015,中南大学,综合,湖南,8679,,,,,,,,,,,,,,,,,,,,,,,,,,,,,,,,,,
2015,汕头大学,综合,广东,8672,,,,,,,,,,,,,,,,,,,,,,,,,,,,,,,,,,
2015,华中科技大学,理工,湖北,8955,,,,,,,,,,,,,,,,,,,,,,,,,,,,,,,,,,
2015,北京第二外国语学院,语言,北京,8691,,,,,,,,,,,,,,,,,,,,,,,,,,,,,,,,,,
2015,中国矿业大学(北京),工科,北京,8975,,,,,,,,,,,,,,,,,,,,,,,,,,,,,,,,,,
2015,中国青年政治学院,政法,北京,8965,,,,,,,,,,,,,,,,,,,,,,,,,,,,,,,,,,
2015,上海师范大学,师范,上海,9091,,,,,,,,,,,,,,,,,,,,,,,,,,,,,,,,,,
2015,上海中医药大学,医药,上海,8777,,,,,,,,,,,,,,,,,,,,,,,,,,,,,,,,,,
2015,南京邮电大学,理工,江苏,8966,,,,,,,,,,,,,,,,,,,,,,,,,,,,,,,,,,
2015,北方工业大学,理工,北京,8531,,,,,,,,,,,,,,,,,,,,,,,,,,,,,,,,,,
2015,中国地质大学(北京),工科,北京,8601,,,,,,,,,,,,,,,,,,,,,,,,,,,,,,,,,,
2015,北京服装学院,理工,北京,8625,,,,,,,,,,,,,,,,,,,,,,,,,,,,,,,,,,
2015,南京航空航天大学,理工,江苏,8239,,,,,,,,,,,,,,,,,,,,,,,,,,,,,,,,,,
2015,浙江财经大学,财经,浙江,8379,,,,,,,,,,,,,,,,,,,,,,,,,,,,,,,,,,
2015,中国美术学院,艺术,杭州,8207,,,,,,,,,,,,,,,,,,,,,,,,,,,,,,,,,,
2015,中国农业大学,农林,北京,8509,,,,,,,,,,,,,,,,,,,,,,,,,,,,,,,,,,
2015,西北工业大学,理工,陕西,8048,,,,,,,,,,,,,,,,,,,,,,,,,,,,,,,,,,
2015,中国民航大学,理工,天津,8174,,,,,,,,,,,,,,,,,,,,,,,,,,,,,,,,,,
2015,上海戏剧学院,艺术,上海,1726,,,,,,,,,,,,,,,,,,,,,,,,,,,,,,,,,,
2015,北京建筑大学,理工,北京,8189,,,,,,,,,,,,,,,,,,,,,,,,,,,,,,,,,,
2015,南京理工大学,理工,江苏,7948,,,,,,,,,,,,,,,,,,,,,,,,,,,,,,,,,,
2015,吉林大学,综合,吉林,8013,,,,,,,,,,,,,,,,,,,,,,,,,,,,,,,,,,
2015,重庆大学,综合,重庆,7993,,,,,,,,,,,,,,,,,,,,,,,,,,,,,,,,,,
2015,河北建筑工程学院,理工,河北,7775,,,,,,,,,,,,,,,,,,,,,,,,,,,,,,,,,,
2015,上海应用技术学院,理工,上海,7620,,,,,,,,,,,,,,,,,,,,,,,,,,,,,,,,,,
2015,湖南大学,综合,湖南,7612,,,,,,,,,,,,,,,,,,,,,,,,,,,,,,,,,,
2015,北京物资学院,财经,北京,7549,,,,,,,,,,,,,,,,,,,,,,,,,,,,,,,,,,
2015,中国石油大学,理工,山东,7809,,,,,,,,,,,,,,,,,,,,,,,,,,,,,,,,,,
2015,武汉大学,综合,湖北,8063,,,,,,,,,,,,,,,,,,,,,,,,,,,,,,,,,,
2015,江西财经大学,财经,江西,7522,,,,,,,,,,,,,,,,,,,,,,,,,,,,,,,,,,
2015,广西大学,综合,广西,7508,,,,,,,,,,,,,,,,,,,,,,,,,,,,,,,,,,
2015,中国政法大学,政法,北京,7561,,,,,,,,,,,,,,,,,,,,,,,,,,,,,,,,,,
2015,青岛大学,综合,山东,7592,,,,,,,,,,,,,,,,,,,,,,,,,,,,,,,,,,
2015,上海海洋大学,农林,上海,7830,,,,,,,,,,,,,,,,,,,,,,,,,,,,,,,,,,
2015,北京语言大学,语言,北京,7389,,,,,,,,,,,,,,,,,,,,,,,,,,,,,,,,,,
2015,北京林业大学,农林,北京,7429,,,,,,,,,,,,,,,,,,,,,,,,,,,,,,,,,,
2015,北京印刷学院,理工,北京,7613,,,,,,,,,,,,,,,,,,,,,,,,,,,,,,,,,,
2015,天津工业大学,理工,天津,7564,,,,,,,,,,,,,,,,,,,,,,,,,,,,,,,,,,
2015,南京艺术学院,艺术,南京,7278,,,,,,,,,,,,,,,,,,,,,,,,,,,,,,,,,,
2015,江苏大学,综合,江苏,7643,,,,,,,,,,,,,,,,,,,,,,,,,,,,,,,,,,
2015,武汉科技大学,理工,湖北,7685,,,,,,,,,,,,,,,,,,,,,,,,,,,,,,,,,,
2015,西南财经大学,财经,四川,7420,,,,,,,,,,,,,,,,,,,,,,,,,,,,,,,,,,
2015,山西大学,综合,山西,7399,,,,,,,,,,,,,,,,,,,,,,,,,,,,,,,,,,
2015,扬州大学,综合,江苏,7369,,,,,,,,,,,,,,,,,,,,,,,,,,,,,,,,,,
2015,杭州电子科技大学,理工,浙江,6921,,,,,,,,,,,,,,,,,,,,,,,,,,,,,,,,,,
2015,浙江理工大学,理工,浙江,7365,,,,,,,,,,,,,,,,,,,,,,,,,,,,,,,,,,
2015,中央民族大学,民族,北京,7116,,,,,,,,,,,,,,,,,,,,,,,,,,,,,,,,,,
2015,合肥工业大学,理工,安徽,7140,,,,,,,,,,,,,,,,,,,,,,,,,,,,,,,,,,
2015,江南大学,综合,江苏,6865,,,,,,,,,,,,,,,,,,,,,,,,,,,,,,,,,,
2015,西南政法大学,政法,重庆,7019,,,,,,,,,,,,,,,,,,,,,,,,,,,,,,,,,,
2015,辽宁大学,综合,辽宁,6836,,,,,,,,,,,,,,,,,,,,,,,,,,,,,,,,,,
2015,南方医科大学,医药,广东,6994,,,,,,,,,,,,,,,,,,,,,,,,,,,,,,,,,,
2015,浙江传媒学院,语言,浙江,7143,,,,,,,,,,,,,,,,,,,,,,,,,,,,,,,,,,
2015,广东财经大学,财经,广东,7084,,,,,,,,,,,,,,,,,,,,,,,,,,,,,,,,,,
2015,中国石油大学(华东),理工,山东,6742,,,,,,,,,,,,,,,,,,,,,,,,,,,,,,,,,,
2015,广州大学,综合,广东,6854,,,,,,,,,,,,,,,,,,,,,,,,,,,,,,,,,,
2015,天津商业大学,财经,天津,6706,,,,,,,,,,,,,,,,,,,,,,,,,,,,,,,,,,
2015,华侨大学,综合,福建,6751,,,,,,,,,,,,,,,,,,,,,,,,,,,,,,,,,,
2015,华中农业大学,农林,湖北,6668,,,,,,,,,,,,,,,,,,,,,,,,,,,,,,,,,,
2015,中国石油大学(北京),理工,北京,6916,,,,,,,,,,,,,,,,,,,,,,,,,,,,,,,,,,
2015,华北电力大学(北京),理工,北京,6691,,,,,,,,,,,,,,,,,,,,,,,,,,,,,,,,,,
2015,山东师范大学,师范,山东,6589,,,,,,,,,,,,,,,,,,,,,,,,,,,,,,,,,,
2015,湘潭大学,综合,湖南,6461,,,,,,,,,,,,,,,,,,,,,,,,,,,,,,,,,,
2015,宁波大学,综合,浙江,6509,,,,,,,,,,,,,,,,,,,,,,,,,,,,,,,,,,
2015,海南大学,综合,海南,6452,,,,,,,,,,,,,,,,,,,,,,,,,,,,,,,,,,
2015,四川师范大学,师范,四川,6392,,,,,,,,,,,,,,,,,,,,,,,,,,,,,,,,,,
2015,杭州师范大学,师范,浙江,5954,,,,,,,,,,,,,,,,,,,,,,,,,,,,,,,,,,
2015,长沙理工大学,理工,湖南,6072,,,,,,,,,,,,,,,,,,,,,,,,,,,,,,,,,,
2015,福建师范大学,师范,福建,5864,,,,,,,,,,,,,,,,,,,,,,,,,,,,,,,,,,
2015,中国药科大学,医药,江苏,6063,,,,,,,,,,,,,,,,,,,,,,,,,,,,,,,,,,
2015,北京体育大学,体育,北京,5940,,,,,,,,,,,,,,,,,,,,,,,,,,,,,,,,,,
2015,四川美术学院,艺术,重庆,6022,,,,,,,,,,,,,,,,,,,,,,,,,,,,,,,,,,
2015,东北财经大学,财经,辽宁,5959,,,,,,,,,,,,,,,,,,,,,,,,,,,,,,,,,,
2015,浙江工业大学,理工,浙江,5914,,,,,,,,,,,,,,,,,,,,,,,,,,,,,,,,,,
2015,西安外国语大学,语言,陕西,5665,,,,,,,,,,,,,,,,,,,,,,,,,,,,,,,,,,
2015,长安大学,理工,陕西,5985,,,,,,,,,,,,,,,,,,,,,,,,,,,,,,,,,,
2015,广东工业大学,理工,广东,5680,,,,,,,,,,,,,,,,,,,,,,,,,,,,,,,,,,
2015,南京农业大学,农林,江苏,5791,,,,,,,,,,,,,,,,,,,,,,,,,,,,,,,,,,
2015,西安理工大学,理工,陕西,5721,,,,,,,,,,,,,,,,,,,,,,,,,,,,,,,,,,
2015,天津医科大学,医药,天津,5838,,,,,,,,,,,,,,,,,,,,,,,,,,,,,,,,,,
2015,天津理工大学,理工,天津,5772,,,,,,,,,,,,,,,,,,,,,,,,,,,,,,,,,,
2015,集美大学,综合,福建,5623,,,,,,,,,,,,,,,,,,,,,,,,,,,,,,,,,,
2015,天津财经大学,财经,天津,5525,,,,,,,,,,,,,,,,,,,,,,,,,,,,,,,,,,
2015,大连工业大学,理工,辽宁,5615,,,,,,,,,,,,,,,,,,,,,,,,,,,,,,,,,,
2015,天津科技大学,理工,天津,5523,,,,,,,,,,,,,,,,,,,,,,,,,,,,,,,,,,
2015,山东理工大学,理工,山东,5510,,,,,,,,,,,,,,,,,,,,,,,,,,,,,,,,,,
2015,南京中医药大学,医药,江苏,5568,,,,,,,,,,,,,,,,,,,,,,,,,,,,,,,,,,
2015,河北医科大学,医药,河北,5802,,,,,,,,,,,,,,,,,,,,,,,,,,,,,,,,,,
2015,广西师范大学,师范,广西,5418,,,,,,,,,,,,,,,,,,,,,,,,,,,,,,,,,,
2015,南京医科大学,医药,江苏,5784,,,,,,,,,,,,,,,,,,,,,,,,,,,,,,,,,,
2015,中国矿业大学(北京),理工,北京,5683,,,,,,,,,,,,,,,,,,,,,,,,,,,,,,,,,,
2015,天津美术学院,艺术,天津,5400,,,,,,,,,,,,,,,,,,,,,,,,,,,,,,,,,,
2015,广州中医药大学,医药,广东,5269,,,,,,,,,,,,,,,,,,,,,,,,,,,,,,,,,,
2015,贵州大学,综合,贵州,5450,,,,,,,,,,,,,,,,,,,,,,,,,,,,,,,,,,
2015,山东科技大学,理工,山东,5586,,,,,,,,,,,,,,,,,,,,,,,,,,,,,,,,,,
2015,江西师范大学,师范,江西,5270,,,,,,,,,,,,,,,,,,,,,,,,,,,,,,,,,,
2015,山东财经大学,财经,山东,5572,,,,,,,,,,,,,,,,,,,,,,,,,,,,,,,,,,
2015,安徽医科大学,医药,安徽,5650,,,,,,,,,,,,,,,,,,,,,,,,,,,,,,,,,,
2015,中国人民公安大学,政法,北京,5594,,,,,,,,,,,,,,,,,,,,,,,,,,,,,,,,,,
2015,重庆邮电大学,理工,重庆,5579,,,,,,,,,,,,,,,,,,,,,,,,,,,,,,,,,,
2015,湖南农业大学,农林,湖南,5415,,,,,,,,,,,,,,,,,,,,,,,,,,,,,,,,,,
2015,黑龙江大学,综合,黑龙江,5317,,,,,,,,,,,,,,,,,,,,,,,,,,,,,,,,,,
2015,南京林业大学,农林,江苏,4975,,,,,,,,,,,,,,,,,,,,,,,,,,,,,,,,,,
2015,内蒙古大学,综合,内蒙古,4986,,,,,,,,,,,,,,,,,,,,,,,,,,,,,,,,,,
2015,温州大学,综合,浙江,5050,,,,,,,,,,,,,,,,,,,,,,,,,,,,,,,,,,
2015,河南科技大学,理工,河南,5119,,,,,,,,,,,,,,,,,,,,,,,,,,,,,,,,,,
2015,常州大学,理工,江苏,4935,,,,,,,,,,,,,,,,,,,,,,,,,,,,,,,,,,
2015,烟台大学,综合,山东,4882,,,,,,,,,,,,,,,,,,,,,,,,,,,,,,,,,,
2015,成都中医药大学,医药,四川,5051,,,,,,,,,,,,,,,,,,,,,,,,,,,,,,,,,,
2015,浙江师范大学,师范,浙江,4826,,,,,,,,,,,,,,,,,,,,,,,,,,,,,,,,,,
2015,太原理工大学,理工,山西,4768,,,,,,,,,,,,,,,,,,,,,,,,,,,,,,,,,,
2015,湖北大学,综合,湖北,4997,,,,,,,,,,,,,,,,,,,,,,,,,,,,,,,,,,
2015,河北师范大学,师范,河北,4631,,,,,,,,,,,,,,,,,,,,,,,,,,,,,,,,,,
2015,燕山大学,理工,河北,4605,,,,,,,,,,,,,,,,,,,,,,,,,,,,,,,,,,
2015,北京联合大学,综合,北京,4947,,,,,,,,,,,,,,,,,,,,,,,,,,,,,,,,,,
2015,长江大学,综合,湖北,4780,,,,,,,,,,,,,,,,,,,,,,,,,,,,,,,,,,
2015,河北工业大学,理工,河北 ,4484,,,,,,,,,,,,,,,,,,,,,,,,,,,,,,,,,,
2015,四川农业大学,农林,四川,4829,,,,,,,,,,,,,,,,,,,,,,,,,,,,,,,,,,
2015,安徽农业大学,农林,安徽,4610,,,,,,,,,,,,,,,,,,,,,,,,,,,,,,,,,,
2015,成都理工大学,理工,四川,4368,,,,,,,,,,,,,,,,,,,,,,,,,,,,,,,,,,
2015,山西财经大学,财经,山西,4660,,,,,,,,,,,,,,,,,,,,,,,,,,,,,,,,,,
2015,湖南中医药大学,医药,湖南,4552,,,,,,,,,,,,,,,,,,,,,,,,,,,,,,,,,,
2015,兰州交通大学,理工,甘肃,4445,,,,,,,,,,,,,,,,,,,,,,,,,,,,,,,,,,
2015,西北师范大学,师范,甘肃,4371,,,,,,,,,,,,,,,,,,,,,,,,,,,,,,,,,,
2015,天津中医药大学,医药,天津,4555,,,,,,,,,,,,,,,,,,,,,,,,,,,,,,,,,,
2015,安徽师范大学,师范,安徽,4441,,,,,,,,,,,,,,,,,,,,,,,,,,,,,,,,,,
2015,南京工业大学,理工,江苏,4352,,,,,,,,,,,,,,,,,,,,,,,,,,,,,,,,,,
2015,重庆工商大学,财经,重庆,4202,,,,,,,,,,,,,,,,,,,,,,,,,,,,,,,,,,
2015,重庆师范大学,师范,重庆,4528,,,,,,,,,,,,,,,,,,,,,,,,,,,,,,,,,,
2015,兰州理工大学,理工,甘肃,4303,,,,,,,,,,,,,,,,,,,,,,,,,,,,,,,,,,
2015,青岛科技大学,理工,山东,4194,,,,,,,,,,,,,,,,,,,,,,,,,,,,,,,,,,
2015,天津师范大学,师范,天津,4325,,,,,,,,,,,,,,,,,,,,,,,,,,,,,,,,,,
2015,华北电力大学(保定),理工,河北,4144,,,,,,,,,,,,,,,,,,,,,,,,,,,,,,,,,,
2015,山东中医药大学,医药,山东,4163,,,,,,,,,,,,,,,,,,,,,,,,,,,,,,,,,,
2015,江苏科技大学,理工,江苏,4146,,,,,,,,,,,,,,,,,,,,,,,,,,,,,,,,,,
2015,武汉工程大学,理工,湖北,4117,,,,,,,,,,,,,,,,,,,,,,,,,,,,,,,,,,
2015,延边大学,综合,吉林 ,4262,,,,,,,,,,,,,,,,,,,,,,,,,,,,,,,,,,
2015,南京信息工程大学,理工,江苏,4180,,,,,,,,,,,,,,,,,,,,,,,,,,,,,,,,,,
2015,西安建筑科技大学,理工,陕西,3971,,,,,,,,,,,,,,,,,,,,,,,,,,,,,,,,,,
2013,清华大学,理工,北京,12614,,,,,,,,,,,,,,,,,,,,,,,,,,,,,,,,,,
2013,北京大学,综合,北京,13790,,,,,,,,,,,,,,,,,,,,,,,,,,,,,,,,,,
2013,北京外国语大学,语言,北京,12242,,,,,,,,,,,,,,,,,,,,,,,,,,,,,,,,,,
2013,上海交通大学,综合,上海,12861,,,,,,,,,,,,,,,,,,,,,,,,,,,,,,,,,,
2013,对外经济贸易大学,财经,北京,12316,,,,,,,,,,,,,,,,,,,,,,,,,,,,,,,,,,
2013,外交学院,语言,北京,12669,,,,,,,,,,,,,,,,,,,,,,,,,,,,,,,,,,
2013,复旦大学,综合,上海,13594,,,,,,,,,,,,,,,,,,,,,,,,,,,,,,,,,,
2013,浙江大学,综合,浙江,12369,,,,,,,,,,,,,,,,,,,,,,,,,,,,,,,,,,
2013,同济大学,理工,上海,13616,,,,,,,,,,,,,,,,,,,,,,,,,,,,,,,,,,
2013,中央财经大学,财经,北京,11902,,,,,,,,,,,,,,,,,,,,,,,,,,,,,,,,,,
2013,上海外国语大学,语言,上海,12587,,,,,,,,,,,,,,,,,,,,,,,,,,,,,,,,,,
2013,中国人民大学,综合,北京,12258,,,,,,,,,,,,,,,,,,,,,,,,,,,,,,,,,,
2013,上海财经大学,财经,上海,11814,,,,,,,,,,,,,,,,,,,,,,,,,,,,,,,,,,
2013,国际关系学院,政法,北京,12786,,,,,,,,,,,,,,,,,,,,,,,,,,,,,,,,,,
2013,华南理工大学,理工,广东,12563,,,,,,,,,,,,,,,,,,,,,,,,,,,,,,,,,,
2013,北京航空航天大学,理工,北京,11813,,,,,,,,,,,,,,,,,,,,,,,,,,,,,,,,,,
2013,中国科学技术大学,理工,安徽,11899,,,,,,,,,,,,,,,,,,,,,,,,,,,,,,,,,,
2013,中山大学,综合,广东,12607,,,,,,,,,,,,,,,,,,,,,,,,,,,,,,,,,,
2013,北京邮电大学,理工,北京,12281,,,,,,,,,,,,,,,,,,,,,,,,,,,,,,,,,,
2013,上海对外经贸大学,财经,上海,12755,,,,,,,,,,,,,,,,,,,,,,,,,,,,,,,,,,
2013,东华大学,理工,上海,11710,,,,,,,,,,,,,,,,,,,,,,,,,,,,,,,,,,
2013,南京大学,综合,江苏,12693,,,,,,,,,,,,,,,,,,,,,,,,,,,,,,,,,,
2013,华东师范大学,师范,上海,11464,,,,,,,,,,,,,,,,,,,,,,,,,,,,,,,,,,
2013,广东外语外贸大学,语言,广州,12229,,,,,,,,,,,,,,,,,,,,,,,,,,,,,,,,,,
2013,上海理工大学,理工,上海,12125,,,,,,,,,,,,,,,,,,,,,,,,,,,,,,,,,,
2013,北京理工大学,理工,北京,11910,,,,,,,,,,,,,,,,,,,,,,,,,,,,,,,,,,
2013,北京电影学院,艺术,北京,12081,,,,,,,,,,,,,,,,,,,,,,,,,,,,,,,,,,
2013,西安交通大学,综合,陕西,11884,,,,,,,,,,,,,,,,,,,,,,,,,,,,,,,,,,
2013,华东政法大学,政法,上海,11255,,,,,,,,,,,,,,,,,,,,,,,,,,,,,,,,,,
2013,厦门大学,综合,福建,11243,,,,,,,,,,,,,,,,,,,,,,,,,,,,,,,,,,
2013,中央美术学院,艺术,北京,11727,,,,,,,,,,,,,,,,,,,,,,,,,,,,,,,,,,
2013,北京交通大学,理工,北京,12329,,,,,,,,,,,,,,,,,,,,,,,,,,,,,,,,,,
2013,东南大学,综合,江苏,11865,,,,,,,,,,,,,,,,,,,,,,,,,,,,,,,,,,
2013,暨南大学,综合,广东,12226,,,,,,,,,,,,,,,,,,,,,,,,,,,,,,,,,,
2013,北京大学医学部,综合,北京,11674,,,,,,,,,,,,,,,,,,,,,,,,,,,,,,,,,,
2013,上海大学,综合,上海,11269,,,,,,,,,,,,,,,,,,,,,,,,,,,,,,,,,,
2013,北京化工大学,理工,北京,11152,,,,,,,,,,,,,,,,,,,,,,,,,,,,,,,,,,
2013,深圳大学,综合,广东,11610,,,,,,,,,,,,,,,,,,,,,,,,,,,,,,,,,,
2013,北京信息科技大学,理工,北京,11477,,,,,,,,,,,,,,,,,,,,,,,,,,,,,,,,,,
2013,哈尔滨工业大学,理工,黑龙江,10832,,,,,,,,,,,,,,,,,,,,,,,,,,,,,,,,,,
2013,华东理工大学,理工,上海,11287,,,,,,,,,,,,,,,,,,,,,,,,,,,,,,,,,,
2013,北京工业大学,理工,北京,11157,,,,,,,,,,,,,,,,,,,,,,,,,,,,,,,,,,
2013,中国传媒大学,语言,北京,11288,,,,,,,,,,,,,,,,,,,,,,,,,,,,,,,,,,
2013,北京科技大学,理工,北京,11174,,,,,,,,,,,,,,,,,,,,,,,,,,,,,,,,,,
2013,南开大学,综合,天津,11932,,,,,,,,,,,,,,,,,,,,,,,,,,,,,,,,,,
2013,中央戏剧学院,艺术,北京,10967,,,,,,,,,,,,,,,,,,,,,,,,,,,,,,,,,,
2013,大连理工大学,理工,辽宁,10837,,,,,,,,,,,,,,,,,,,,,,,,,,,,,,,,,,
2013,上海工程技术大学,理工,上海,11622,,,,,,,,,,,,,,,,,,,,,,,,,,,,,,,,,,
2013,天津大学,理工,天津,10658,,,,,,,,,,,,,,,,,,,,,,,,,,,,,,,,,,
2013,西安电子科技大学,理工,陕西,11397,,,,,,,,,,,,,,,,,,,,,,,,,,,,,,,,,,
2013,哈尔滨工程大学,理工,黑龙江,11579,,,,,,,,,,,,,,,,,,,,,,,,,,,,,,,,,,
2013,上海电力学院,理工,上海,11084,,,,,,,,,,,,,,,,,,,,,,,,,,,,,,,,,,
2013,上海第二工业大学,理工,上海,11570,,,,,,,,,,,,,,,,,,,,,,,,,,,,,,,,,,
2013,华北电力大学(北京),工科,北京,10176,,,,,,,,,,,,,,,,,,,,,,,,,,,,,,,,,,
2013,上海海事大学,理工,上海,10615,,,,,,,,,,,,,,,,,,,,,,,,,,,,,,,,,,
2013,电子科技大学,理工,四川,11325,,,,,,,,,,,,,,,,,,,,,,,,,,,,,,,,,,
2013,北京工商大学,财经,北京,11179,,,,,,,,,,,,,,,,,,,,,,,,,,,,,,,,,,
2013,首都经济贸易大学,财经,北京,10902,,,,,,,,,,,,,,,,,,,,,,,,,,,,,,,,,,
2013,广州美术学院,艺术,广州,10837,,,,,,,,,,,,,,,,,,,,,,,,,,,,,,,,,,
2013,大连海事大学,理工,辽宁,10613,,,,,,,,,,,,,,,,,,,,,,,,,,,,,,,,,,
2013,北京师范大学,师范,北京,10218,,,,,,,,,,,,,,,,,,,,,,,,,,,,,,,,,,
2013,中南大学,综合,湖南,10675,,,,,,,,,,,,,,,,,,,,,,,,,,,,,,,,,,
2013,汕头大学,综合,广东,10320,,,,,,,,,,,,,,,,,,,,,,,,,,,,,,,,,,
2013,华中科技大学,理工,湖北,10926,,,,,,,,,,,,,,,,,,,,,,,,,,,,,,,,,,
2013,北京第二外国语学院,语言,北京,10342,,,,,,,,,,,,,,,,,,,,,,,,,,,,,,,,,,
2013,中国矿业大学(北京),工科,北京,11128,,,,,,,,,,,,,,,,,,,,,,,,,,,,,,,,,,
2013,中国青年政治学院,政法,北京,10758,,,,,,,,,,,,,,,,,,,,,,,,,,,,,,,,,,
2013,上海师范大学,师范,上海,10727,,,,,,,,,,,,,,,,,,,,,,,,,,,,,,,,,,
2013,上海中医药大学,医药,上海,10708,,,,,,,,,,,,,,,,,,,,,,,,,,,,,,,,,,
2013,南京邮电大学,理工,江苏,10848,,,,,,,,,,,,,,,,,,,,,,,,,,,,,,,,,,
2013,北方工业大学,理工,北京,9895,,,,,,,,,,,,,,,,,,,,,,,,,,,,,,,,,,
2013,中国地质大学(北京),工科,北京,10494,,,,,,,,,,,,,,,,,,,,,,,,,,,,,,,,,,
2013,北京服装学院,理工,北京,10178,,,,,,,,,,,,,,,,,,,,,,,,,,,,,,,,,,
2013,南京航空航天大学,理工,江苏,9722,,,,,,,,,,,,,,,,,,,,,,,,,,,,,,,,,,
2013,浙江财经大学,财经,浙江,9888,,,,,,,,,,,,,,,,,,,,,,,,,,,,,,,,,,
2013,中国美术学院,艺术,杭州,9685,,,,,,,,,,,,,,,,,,,,,,,,,,,,,,,,,,
2013,中国农业大学,农林,北京,10467,,,,,,,,,,,,,,,,,,,,,,,,,,,,,,,,,,
2013,西北工业大学,理工,陕西,9738,,,,,,,,,,,,,,,,,,,,,,,,,,,,,,,,,,
2013,中国民航大学,理工,天津,9808,,,,,,,,,,,,,,,,,,,,,,,,,,,,,,,,,,
2013,上海戏剧学院,艺术,上海,9039,,,,,,,,,,,,,,,,,,,,,,,,,,,,,,,,,,
2013,北京建筑大学,理工,北京,9663,,,,,,,,,,,,,,,,,,,,,,,,,,,,,,,,,,
2013,南京理工大学,理工,江苏,9537,,,,,,,,,,,,,,,,,,,,,,,,,,,,,,,,,,
2013,吉林大学,综合,吉林,9696,,,,,,,,,,,,,,,,,,,,,,,,,,,,,,,,,,
2013,重庆大学,综合,重庆,9272,,,,,,,,,,,,,,,,,,,,,,,,,,,,,,,,,,
2013,河北建筑工程学院,理工,河北,9174,,,,,,,,,,,,,,,,,,,,,,,,,,,,,,,,,,
2013,上海应用技术学院,理工,上海,9448,,,,,,,,,,,,,,,,,,,,,,,,,,,,,,,,,,
2013,湖南大学,综合,湖南,9134,,,,,,,,,,,,,,,,,,,,,,,,,,,,,,,,,,
2013,北京物资学院,财经,北京,8833,,,,,,,,,,,,,,,,,,,,,,,,,,,,,,,,,,
2013,中国石油大学,理工,山东,9059,,,,,,,,,,,,,,,,,,,,,,,,,,,,,,,,,,
2013,武汉大学,综合,湖北,9998,,,,,,,,,,,,,,,,,,,,,,,,,,,,,,,,,,
2013,江西财经大学,财经,江西,8801,,,,,,,,,,,,,,,,,,,,,,,,,,,,,,,,,,
2013,广西大学,综合,广西,9159,,,,,,,,,,,,,,,,,,,,,,,,,,,,,,,,,,
2013,中国政法大学,政法,北京,8998,,,,,,,,,,,,,,,,,,,,,,,,,,,,,,,,,,
2013,青岛大学,综合,山东,9338,,,,,,,,,,,,,,,,,,,,,,,,,,,,,,,,,,
2013,上海海洋大学,农林,上海,9788,,,,,,,,,,,,,,,,,,,,,,,,,,,,,,,,,,
2013,北京语言大学,语言,北京,8645,,,,,,,,,,,,,,,,,,,,,,,,,,,,,,,,,,
2013,北京林业大学,农林,北京,9212,,,,,,,,,,,,,,,,,,,,,,,,,,,,,,,,,,
2013,北京印刷学院,理工,北京,8832,,,,,,,,,,,,,,,,,,,,,,,,,,,,,,,,,,
2013,天津工业大学,理工,天津,8850,,,,,,,,,,,,,,,,,,,,,,,,,,,,,,,,,,
2013,南京艺术学院,艺术,南京,8515,,,,,,,,,,,,,,,,,,,,,,,,,,,,,,,,,,
2013,江苏大学,综合,江苏,8790,,,,,,,,,,,,,,,,,,,,,,,,,,,,,,,,,,
2013,武汉科技大学,理工,湖北,9146,,,,,,,,,,,,,,,,,,,,,,,,,,,,,,,,,,
2013,西南财经大学,财经,四川,8905,,,,,,,,,,,,,,,,,,,,,,,,,,,,,,,,,,
2013,山西大学,综合,山西,8730,,,,,,,,,,,,,,,,,,,,,,,,,,,,,,,,,,
2013,扬州大学,综合,江苏,8843,,,,,,,,,,,,,,,,,,,,,,,,,,,,,,,,,,
2013,杭州电子科技大学,理工,浙江,8583,,,,,,,,,,,,,,,,,,,,,,,,,,,,,,,,,,
2013,浙江理工大学,理工,浙江,8617,,,,,,,,,,,,,,,,,,,,,,,,,,,,,,,,,,
2013,中央民族大学,民族,北京,8681,,,,,,,,,,,,,,,,,,,,,,,,,,,,,,,,,,
2013,合肥工业大学,理工,安徽,8783,,,,,,,,,,,,,,,,,,,,,,,,,,,,,,,,,,
2013,江南大学,综合,江苏,8307,,,,,,,,,,,,,,,,,,,,,,,,,,,,,,,,,,
2013,西南政法大学,政法,重庆,8142,,,,,,,,,,,,,,,,,,,,,,,,,,,,,,,,,,
2013,辽宁大学,综合,辽宁,8067,,,,,,,,,,,,,,,,,,,,,,,,,,,,,,,,,,
2013,南方医科大学,医药,广东,8602,,,,,,,,,,,,,,,,,,,,,,,,,,,,,,,,,,
2013,浙江传媒学院,语言,浙江,8358,,,,,,,,,,,,,,,,,,,,,,,,,,,,,,,,,,
2013,广东财经大学,财经,广东,8218,,,,,,,,,,,,,,,,,,,,,,,,,,,,,,,,,,
2013,中国石油大学(华东),理工,山东,8023,,,,,,,,,,,,,,,,,,,,,,,,,,,,,,,,,,
2013,广州大学,综合,广东,8567,,,,,,,,,,,,,,,,,,,,,,,,,,,,,,,,,,
2013,天津商业大学,财经,天津,7913,,,,,,,,,,,,,,,,,,,,,,,,,,,,,,,,,,
2013,华侨大学,综合,福建,8371,,,,,,,,,,,,,,,,,,,,,,,,,,,,,,,,,,
2013,华中农业大学,农林,湖北,8201,,,,,,,,,,,,,,,,,,,,,,,,,,,,,,,,,,
2013,中国石油大学(北京),理工,北京,8022,,,,,,,,,,,,,,,,,,,,,,,,,,,,,,,,,,
2013,华北电力大学(北京),理工,北京,8096,,,,,,,,,,,,,,,,,,,,,,,,,,,,,,,,,,
2013,山东师范大学,师范,山东,7841,,,,,,,,,,,,,,,,,,,,,,,,,,,,,,,,,,
2013,湘潭大学,综合,湖南,8076,,,,,,,,,,,,,,,,,,,,,,,,,,,,,,,,,,
2013,宁波大学,综合,浙江,7811,,,,,,,,,,,,,,,,,,,,,,,,,,,,,,,,,,
2013,海南大学,综合,海南,7936,,,,,,,,,,,,,,,,,,,,,,,,,,,,,,,,,,
2013,四川师范大学,师范,四川,7798,,,,,,,,,,,,,,,,,,,,,,,,,,,,,,,,,,
2013,杭州师范大学,师范,浙江,6847,,,,,,,,,,,,,,,,,,,,,,,,,,,,,,,,,,
2013,长沙理工大学,理工,湖南,7468,,,,,,,,,,,,,,,,,,,,,,,,,,,,,,,,,,
2013,福建师范大学,师范,福建,7154,,,,,,,,,,,,,,,,,,,,,,,,,,,,,,,,,,
2013,中国药科大学,医药,江苏,7337,,,,,,,,,,,,,,,,,,,,,,,,,,,,,,,,,,
2013,北京体育大学,体育,北京,7306,,,,,,,,,,,,,,,,,,,,,,,,,,,,,,,,,,
2013,四川美术学院,艺术,重庆,7286,,,,,,,,,,,,,,,,,,,,,,,,,,,,,,,,,,
2013,东北财经大学,财经,辽宁,7330,,,,,,,,,,,,,,,,,,,,,,,,,,,,,,,,,,
2013,浙江工业大学,理工,浙江,6978,,,,,,,,,,,,,,,,,,,,,,,,,,,,,,,,,,
2013,西安外国语大学,语言,陕西,6514,,,,,,,,,,,,,,,,,,,,,,,,,,,,,,,,,,
2013,长安大学,理工,陕西,7122,,,,,,,,,,,,,,,,,,,,,,,,,,,,,,,,,,
2013,广东工业大学,理工,广东,6703,,,,,,,,,,,,,,,,,,,,,,,,,,,,,,,,,,
2013,南京农业大学,农林,江苏,6660,,,,,,,,,,,,,,,,,,,,,,,,,,,,,,,,,,
2013,西安理工大学,理工,陕西,6865,,,,,,,,,,,,,,,,,,,,,,,,,,,,,,,,,,
2013,天津医科大学,医药,天津,6714,,,,,,,,,,,,,,,,,,,,,,,,,,,,,,,,,,
2013,天津理工大学,理工,天津,7215,,,,,,,,,,,,,,,,,,,,,,,,,,,,,,,,,,
2013,集美大学,综合,福建,6860,,,,,,,,,,,,,,,,,,,,,,,,,,,,,,,,,,
2013,天津财经大学,财经,天津,6741,,,,,,,,,,,,,,,,,,,,,,,,,,,,,,,,,,
2013,大连工业大学,理工,辽宁,6626,,,,,,,,,,,,,,,,,,,,,,,,,,,,,,,,,,
2013,天津科技大学,理工,天津,6738,,,,,,,,,,,,,,,,,,,,,,,,,,,,,,,,,,
2013,山东理工大学,理工,山东,6556,,,,,,,,,,,,,,,,,,,,,,,,,,,,,,,,,,
2013,南京中医药大学,医药,江苏,6792,,,,,,,,,,,,,,,,,,,,,,,,,,,,,,,,,,
2013,河北医科大学,医药,河北,6788,,,,,,,,,,,,,,,,,,,,,,,,,,,,,,,,,,
2013,广西师范大学,师范,广西,6284,,,,,,,,,,,,,,,,,,,,,,,,,,,,,,,,,,
2013,南京医科大学,医药,江苏,7230,,,,,,,,,,,,,,,,,,,,,,,,,,,,,,,,,,
2013,中国矿业大学(北京),理工,北京,6535,,,,,,,,,,,,,,,,,,,,,,,,,,,,,,,,,,
2013,天津美术学院,艺术,天津,6643,,,,,,,,,,,,,,,,,,,,,,,,,,,,,,,,,,
2013,广州中医药大学,医药,广东,6218,,,,,,,,,,,,,,,,,,,,,,,,,,,,,,,,,,
2013,贵州大学,综合,贵州,6376,,,,,,,,,,,,,,,,,,,,,,,,,,,,,,,,,,
2013,山东科技大学,理工,山东,6536,,,,,,,,,,,,,,,,,,,,,,,,,,,,,,,,,,
2013,江西师范大学,师范,江西,6218,,,,,,,,,,,,,,,,,,,,,,,,,,,,,,,,,,
2013,山东财经大学,财经,山东,6854,,,,,,,,,,,,,,,,,,,,,,,,,,,,,,,,,,
2013,安徽医科大学,医药,安徽,6893,,,,,,,,,,,,,,,,,,,,,,,,,,,,,,,,,,
2013,中国人民公安大学,政法,北京,6489,,,,,,,,,,,,,,,,,,,,,,,,,,,,,,,,,,
2013,重庆邮电大学,理工,重庆,6918,,,,,,,,,,,,,,,,,,,,,,,,,,,,,,,,,,
2013,湖南农业大学,农林,湖南,6281,,,,,,,,,,,,,,,,,,,,,,,,,,,,,,,,,,
2013,黑龙江大学,综合,黑龙江,6168,,,,,,,,,,,,,,,,,,,,,,,,,,,,,,,,,,
2013,南京林业大学,农林,江苏,6218,,,,,,,,,,,,,,,,,,,,,,,,,,,,,,,,,,
2013,内蒙古大学,综合,内蒙古,5734,,,,,,,,,,,,,,,,,,,,,,,,,,,,,,,,,,
2013,温州大学,综合,浙江,6110,,,,,,,,,,,,,,,,,,,,,,,,,,,,,,,,,,
2013,河南科技大学,理工,河南,5887,,,,,,,,,,,,,,,,,,,,,,,,,,,,,,,,,,
2013,常州大学,理工,江苏,5922,,,,,,,,,,,,,,,,,,,,,,,,,,,,,,,,,,
2013,烟台大学,综合,山东,5858,,,,,,,,,,,,,,,,,,,,,,,,,,,,,,,,,,
2013,成都中医药大学,医药,四川,5808,,,,,,,,,,,,,,,,,,,,,,,,,,,,,,,,,,
2013,浙江师范大学,师范,浙江,6032,,,,,,,,,,,,,,,,,,,,,,,,,,,,,,,,,,
2013,太原理工大学,理工,山西,5769,,,,,,,,,,,,,,,,,,,,,,,,,,,,,,,,,,
2013,湖北大学,综合,湖北,5747,,,,,,,,,,,,,,,,,,,,,,,,,,,,,,,,,,
2013,河北师范大学,师范,河北,5742,,,,,,,,,,,,,,,,,,,,,,,,,,,,,,,,,,
2013,燕山大学,理工,河北,5296,,,,,,,,,,,,,,,,,,,,,,,,,,,,,,,,,,
2013,北京联合大学,综合,北京,6084,,,,,,,,,,,,,,,,,,,,,,,,,,,,,,,,,,
2013,长江大学,综合,湖北,5736,,,,,,,,,,,,,,,,,,,,,,,,,,,,,,,,,,
2013,河北工业大学,理工,河北 ,5291,,,,,,,,,,,,,,,,,,,,,,,,,,,,,,,,,,
2013,四川农业大学,农林,四川,5988,,,,,,,,,,,,,,,,,,,,,,,,,,,,,,,,,,
2013,安徽农业大学,农林,安徽,5762,,,,,,,,,,,,,,,,,,,,,,,,,,,,,,,,,,
2013,成都理工大学,理工,四川,5110,,,,,,,,,,,,,,,,,,,,,,,,,,,,,,,,,,
2013,山西财经大学,财经,山西,5499,,,,,,,,,,,,,,,,,,,,,,,,,,,,,,,,,,
2013,湖南中医药大学,医药,湖南,5281,,,,,,,,,,,,,,,,,,,,,,,,,,,,,,,,,,
2013,兰州交通大学,理工,甘肃,5512,,,,,,,,,,,,,,,,,,,,,,,,,,,,,,,,,,
2013,西北师范大学,师范,甘肃,5246,,,,,,,,,,,,,,,,,,,,,,,,,,,,,,,,,,
2013,天津中医药大学,医药,天津,5603,,,,,,,,,,,,,,,,,,,,,,,,,,,,,,,,,,
2013,安徽师范大学,师范,安徽,5196,,,,,,,,,,,,,,,,,,,,,,,,,,,,,,,,,,
2013,南京工业大学,理工,江苏,5049,,,,,,,,,,,,,,,,,,,,,,,,,,,,,,,,,,
2013,重庆工商大学,财经,重庆,5253,,,,,,,,,,,,,,,,,,,,,,,,,,,,,,,,,,
2013,重庆师范大学,师范,重庆,5298,,,,,,,,,,,,,,,,,,,,,,,,,,,,,,,,,,
2013,兰州理工大学,理工,甘肃,5206,,,,,,,,,,,,,,,,,,,,,,,,,,,,,,,,,,
2013,青岛科技大学,理工,山东,5032,,,,,,,,,,,,,,,,,,,,,,,,,,,,,,,,,,
2013,天津师范大学,师范,天津,5406,,,,,,,,,,,,,,,,,,,,,,,,,,,,,,,,,,
2013,华北电力大学(保定),理工,河北,4931,,,,,,,,,,,,,,,,,,,,,,,,,,,,,,,,,,
2013,山东中医药大学,医药,山东,4871,,,,,,,,,,,,,,,,,,,,,,,,,,,,,,,,,,
2013,江苏科技大学,理工,江苏,4934,,,,,,,,,,,,,,,,,,,,,,,,,,,,,,,,,,
2013,武汉工程大学,理工,湖北,4734,,,,,,,,,,,,,,,,,,,,,,,,,,,,,,,,,,
2013,延边大学,综合,吉林 ,5072,,,,,,,,,,,,,,,,,,,,,,,,,,,,,,,,,,
2013,南京信息工程大学,理工,江苏,4974,,,,,,,,,,,,,,,,,,,,,,,,,,,,,,,,,,
2013,西安建筑科技大学,理工,陕西,4925,,,,,,,,,,,,,,,,,,,,,,,,,,,,,,,,,,
,,,,,,,,,,,,,,,,,,,,,,,,,,,,,,,,,,,,,,
,,,,,,,,,,,,,,,,,,,,,,,,,,,,,,,,,,,,,,
,,,,,,,,,,,,,,,,,,,,,,,,,,,,,,,,,,,,,,
,,,,,,,,,,,,,,,,,,,,,,,,,,,,,,,,,,,,,,
,,,,,,,,,,,,,,,,,,,,,,,,,,,,,,,,,,,,,,
,,,,,,,,,,,,,,,,,,,,,,,,,,,,,,,,,,,,,,
,,,,,,,,,,,,,,,,,,,,,,,,,,,,,,,,,,,,,,